CVE_MUNICIPIO,feb,mar,abr,may,ju,jul,ago,sep,oct,nov,dic,total
2001,NA,NA,NA,NA,5000,NA,NA,NA,NA,NA,5000,10000
2004,NA,NA,NA,NA,5000,NA,NA,NA,NA,NA,5000,10000
4001,NA,NA,NA,4635000,4985000,5015000,4990000,4995000,4995000,4975000,4975000,39565000
4002,20000,20000,20000,20000,10000,20000,20000,20000,20000,20000,30000,220000
4003,NA,NA,NA,NA,70000,5000,5000,5000,5000,5000,55000,150000
4004,NA,NA,NA,10305000,14585000,15395000,14955000,15015000,15015000,14915000,14795000,114980000
4005,20000,20000,20000,895000,2915000,3085000,3025000,3015000,3015000,3005000,2950000,21965000
4006,NA,NA,NA,5635000,9945000,10060000,9995000,9985000,9985000,9880000,9905000,75390000
4007,NA,NA,NA,NA,240000,3140000,1915000,1965000,1965000,1960000,1950000,13135000
4008,NA,NA,NA,715000,1945000,2060000,1980000,1970000,1970000,1965000,1960000,14565000
4009,13995000,13950000,13955000,15190000,15490000,15320000,15310000,15285000,15285000,15100000,14760000,163640000
4010,24370000,24235000,24185000,26345000,26890000,26670000,26650000,26720000,26720000,26590000,26480000,285855000
4011,9840000,9805000,9815000,19660000,20485000,20440000,20400000,20350000,20350000,20170000,20015000,191330000
5002,NA,NA,NA,NA,5000,NA,NA,NA,NA,NA,5000,10000
5007,NA,NA,NA,NA,5000,NA,NA,NA,NA,NA,5000,10000
5035,NA,NA,NA,NA,5000,NA,NA,NA,NA,NA,5000,10000
6001,NA,NA,NA,1305000,1665000,1850000,1730000,1740000,1740000,1735000,1590000,13355000
6002,NA,NA,NA,3410000,3730000,3845000,3755000,3770000,3770000,3755000,3800000,29835000
6003,NA,NA,NA,2465000,2975000,3060000,3035000,3020000,3020000,2995000,2825000,23395000
6004,NA,NA,NA,2265000,2890000,3045000,2930000,2930000,2930000,2925000,2740000,22655000
6005,NA,NA,NA,1480000,1925000,2030000,1960000,1975000,1975000,1965000,1865000,15175000
6006,NA,NA,NA,1425000,2170000,2365000,2280000,2310000,2310000,2270000,2240000,17370000
6007,NA,NA,NA,2295000,3565000,4580000,4050000,4055000,4055000,4050000,3995000,30645000
6008,NA,NA,NA,1175000,1645000,1795000,1715000,1715000,1715000,1710000,1685000,13155000
6009,NA,NA,NA,1200000,1925000,3155000,2530000,2595000,2595000,2595000,2735000,19330000
6010,NA,NA,NA,435000,750000,810000,785000,800000,800000,800000,1155000,6335000
7001,2000000,1995000,1990000,2010000,2065000,2010000,1990000,1990000,1990000,1990000,2030000,22060000
7002,5000,5000,5000,5000,10000,5000,5000,5000,5000,5000,10000,65000
7003,4555000,4560000,4560000,4560000,4615000,4555000,4550000,4545000,4545000,4545000,4595000,50185000
7004,9405000,9400000,9435000,9500000,9890000,9735000,9905000,9945000,9945000,9895000,9870000,106925000
7005,11360000,11240000,11185000,11170000,10655000,11005000,10920000,10770000,10770000,10510000,9915000,119500000
7006,2125000,2125000,1990000,2125000,2135000,2125000,2125000,2125000,2125000,2125000,2125000,23250000
7008,NA,NA,NA,NA,5000,NA,NA,NA,NA,NA,5000,10000
7010,990000,985000,985000,1000000,1030000,995000,985000,985000,985000,985000,985000,10910000
7011,2870000,2870000,2760000,2875000,2875000,2870000,2870000,2870000,2870000,2865000,2865000,31460000
7012,1010000,1010000,1010000,1010000,1020000,1025000,1025000,1025000,1025000,1015000,1020000,11195000
7013,350000,350000,350000,375000,375000,370000,360000,355000,355000,345000,310000,3895000
7015,5475000,5455000,5440000,5490000,5520000,5475000,5470000,5470000,5470000,5460000,5485000,60210000
7016,5320000,5265000,5265000,5305000,4895000,5300000,5245000,5215000,5215000,5180000,4885000,57090000
7018,7025000,6980000,6990000,7080000,7130000,7035000,7050000,7035000,7035000,6805000,6750000,76915000
7019,NA,NA,NA,NA,5000,NA,NA,NA,NA,NA,5000,10000
7021,4720000,4710000,4700000,4800000,4820000,4810000,4785000,4790000,4790000,4730000,4700000,52355000
7025,1815000,1810000,1825000,1820000,1895000,1870000,1880000,1875000,1875000,1865000,1855000,20385000
7031,6695000,6690000,6920000,7110000,7600000,7100000,7095000,7095000,7095000,7080000,7050000,77530000
7032,5040000,5040000,5040000,5050000,4995000,4960000,4905000,4905000,4905000,4905000,4920000,54665000
7033,3460000,3450000,3435000,3390000,3580000,3495000,3495000,3480000,3480000,3400000,3400000,38065000
7034,NA,NA,NA,NA,5000,NA,NA,NA,NA,NA,5000,10000
7035,615000,615000,610000,655000,670000,625000,625000,630000,630000,625000,645000,6945000
7036,1975000,1930000,1930000,1995000,2035000,1995000,1985000,1985000,1985000,1980000,1985000,21780000
7037,5605000,5570000,5540000,5620000,5505000,5580000,5515000,5525000,5525000,5525000,5390000,60900000
7039,10150000,10065000,9950000,9835000,9855000,9755000,9785000,9735000,9735000,9570000,9420000,107855000
7040,4995000,4960000,4960000,4995000,5210000,4975000,4950000,4950000,4950000,4945000,5160000,55050000
7042,3655000,3600000,3565000,3505000,3955000,3880000,3840000,3715000,3715000,3615000,3635000,40680000
7043,2820000,2795000,2750000,2645000,2625000,2805000,2715000,2715000,2715000,2660000,2590000,29835000
7045,1915000,1910000,1895000,1985000,1940000,1975000,1975000,2000000,2000000,1950000,1880000,21425000
7048,3425000,3395000,3350000,3290000,3390000,3515000,3495000,3410000,3410000,3425000,3175000,37280000
7050,2645000,2625000,2635000,2705000,2690000,2705000,2690000,2690000,2690000,2660000,2610000,29345000
7051,1995000,1985000,1985000,1990000,2020000,2005000,1960000,1960000,1960000,1955000,1970000,21785000
7052,6845000,6845000,7335000,7605000,8655000,7700000,7660000,7670000,7670000,7655000,7645000,83285000
7053,985000,985000,990000,995000,1010000,995000,975000,975000,975000,975000,970000,10830000
7054,6665000,6655000,6620000,6700000,6050000,6645000,6620000,6635000,6635000,6620000,5970000,71815000
7055,205000,205000,205000,205000,205000,205000,205000,205000,205000,205000,205000,2255000
7057,9475000,9465000,9440000,9490000,9680000,9450000,9430000,9425000,9425000,9410000,9575000,104265000
7059,86220000,85660000,85880000,86210000,88400000,88095000,87495000,87180000,87180000,86640000,86195000,955155000
7060,3400000,3380000,3380000,3360000,3450000,3425000,3375000,3365000,3365000,3360000,3310000,37170000
7061,4435000,4410000,4415000,4405000,4565000,4540000,4510000,4490000,4490000,4455000,4445000,49160000
7062,4885000,4855000,4880000,4860000,5000000,5010000,4975000,4970000,4970000,4915000,4775000,54095000
7065,36265000,35965000,35850000,36460000,36765000,36665000,36165000,36290000,36290000,36045000,36130000,398890000
7066,4445000,4345000,4350000,4330000,5090000,4970000,4955000,4965000,4965000,4880000,4610000,51905000
7067,4100000,4085000,4075000,4140000,4140000,4220000,4140000,4130000,4130000,4055000,3940000,45155000
7068,2085000,2075000,1965000,1895000,2010000,2300000,2265000,2260000,2260000,2230000,2065000,23410000
7069,1975000,1980000,1980000,1985000,2015000,1980000,1960000,1960000,1960000,1960000,1965000,21720000
7070,2490000,2465000,2470000,2500000,2525000,2500000,2490000,2490000,2490000,2490000,2490000,27400000
7071,5340000,5335000,5340000,5350000,5035000,5295000,5275000,5275000,5275000,5275000,4965000,57760000
7072,15000,15000,15000,15000,115000,15000,15000,15000,15000,15000,115000,365000
7073,1670000,1660000,1650000,1690000,1715000,1685000,1670000,1635000,1635000,1580000,1570000,18160000
7074,1535000,1520000,1515000,1470000,1450000,1615000,1580000,1570000,1570000,1520000,1325000,16670000
7076,5125000,5105000,5075000,5090000,5065000,5070000,5055000,5055000,5055000,4930000,4890000,55515000
7077,14190000,14095000,14110000,14285000,14325000,14250000,14175000,14130000,14130000,14050000,13965000,155705000
7079,1935000,1935000,1940000,2000000,2025000,1990000,1985000,1965000,1965000,1960000,1960000,21660000
7080,8960000,8945000,8950000,8980000,8940000,8835000,8810000,8810000,8810000,8805000,8805000,97650000
7081,4720000,4680000,4685000,4665000,4685000,5215000,4890000,4990000,4990000,4970000,4965000,53455000
7082,2880000,2840000,2840000,2855000,2665000,2655000,2650000,2650000,2650000,2645000,2640000,29970000
7084,2420000,2400000,2450000,2540000,2550000,2520000,2485000,2520000,2520000,2490000,2390000,27285000
7087,1755000,1755000,1680000,1715000,1560000,1685000,1675000,1675000,1675000,1675000,1505000,18355000
7088,520000,520000,520000,510000,540000,525000,535000,535000,535000,530000,545000,5815000
7089,10950000,10795000,10780000,10940000,12120000,10945000,10780000,10775000,10775000,10765000,11895000,121520000
7090,1915000,1910000,1910000,1895000,1905000,1925000,1925000,1925000,1925000,1925000,1925000,21085000
7091,1350000,1345000,1345000,1345000,1295000,1410000,1390000,1380000,1380000,1380000,1285000,14905000
7092,11620000,11575000,11585000,11735000,11800000,11800000,11665000,11680000,11680000,11565000,11190000,127895000
7096,2605000,2605000,2550000,2570000,2615000,2570000,2555000,2555000,2555000,2525000,2535000,28240000
7097,NA,NA,NA,NA,5000,NA,NA,NA,NA,NA,5000,10000
7099,5000,5000,5000,5000,NA,5000,5000,5000,5000,5000,NA,45000
7100,555000,545000,545000,550000,540000,545000,545000,545000,545000,545000,540000,6000000
7101,NA,NA,NA,NA,70000,NA,NA,NA,NA,NA,70000,140000
7102,2130000,2130000,2130000,2135000,1925000,2095000,2040000,2035000,2035000,2025000,1845000,22525000
7103,5975000,5920000,5920000,5915000,5575000,5920000,5915000,5915000,5915000,5915000,5575000,64460000
7105,4380000,4370000,4335000,4330000,4310000,4320000,4295000,4295000,4295000,4285000,4285000,47500000
7113,NA,NA,NA,NA,5000,NA,NA,NA,NA,NA,NA,5000
7114,9085000,9000000,8990000,9280000,9415000,9275000,9205000,9205000,9205000,9105000,9015000,100780000
7115,4480000,4470000,4535000,4520000,4860000,4670000,4660000,4660000,4660000,4650000,4620000,50785000
7116,9245000,9200000,9235000,9355000,9625000,9460000,9345000,9350000,9350000,9290000,9225000,102680000
7124,15000,15000,15000,15000,25000,25000,25000,30000,30000,30000,140000,365000
8004,NA,NA,NA,NA,5000,NA,NA,NA,NA,NA,5000,10000
8007,NA,NA,NA,1595000,7890000,8640000,14410000,6290000,6290000,12235000,9195000,66545000
8008,NA,NA,NA,NA,9775000,NA,29595000,NA,NA,20495000,10235000,70100000
8009,NA,NA,NA,NA,NA,NA,450000,670000,670000,1340000,995000,4125000
8012,NA,NA,NA,1620000,7690000,2035000,22460000,2275000,2275000,14515000,8340000,61210000
8017,NA,NA,NA,NA,NA,NA,NA,NA,NA,NA,35000,35000
8018,NA,NA,NA,NA,NA,NA,NA,NA,NA,NA,55000,55000
8019,NA,NA,NA,NA,NA,NA,40000,NA,NA,30000,15000,85000
8020,NA,NA,NA,NA,4890000,NA,12595000,NA,NA,8275000,4140000,29900000
8022,NA,NA,NA,250000,635000,1345000,990000,1000000,1000000,1000000,995000,7215000
8027,NA,NA,NA,5205000,20975000,8200000,30875000,7900000,7900000,22780000,15295000,119130000
8029,NA,NA,NA,NA,12570000,375000,59495000,390000,390000,38720000,19065000,131005000
8030,NA,NA,NA,NA,1420000,70000,11140000,130000,130000,6990000,3485000,23365000
8031,NA,NA,NA,NA,NA,NA,NA,NA,NA,NA,25000,25000
8032,NA,NA,NA,NA,5000,NA,NA,NA,NA,NA,5000,10000
8037,NA,NA,NA,NA,10000,NA,NA,NA,NA,NA,5000,15000
8040,NA,NA,NA,NA,380000,540000,1975000,1995000,1995000,1965000,1965000,10815000
8041,NA,NA,NA,NA,1180000,NA,3830000,NA,NA,2370000,1165000,8545000
8043,NA,NA,NA,NA,NA,NA,NA,NA,NA,NA,5000,5000
8045,NA,NA,NA,NA,5000,NA,NA,NA,NA,NA,5000,10000
8046,NA,NA,NA,NA,2760000,NA,8660000,25000,25000,9365000,4945000,25780000
8047,NA,NA,NA,NA,460000,NA,925000,NA,NA,620000,310000,2315000
8049,NA,NA,NA,NA,NA,NA,1310000,NA,NA,960000,470000,2740000
8051,NA,NA,NA,NA,210000,NA,785000,NA,NA,465000,230000,1690000
8060,NA,NA,NA,NA,NA,NA,NA,NA,NA,NA,5000,5000
8063,NA,NA,NA,NA,2460000,885000,8260000,500000,500000,5510000,2880000,20995000
8064,NA,NA,NA,660000,725000,775000,750000,755000,755000,725000,725000,5870000
8065,NA,NA,NA,275000,4475000,1995000,20335000,2435000,2435000,14745000,8365000,55060000
8066,NA,NA,NA,NA,8400000,NA,14160000,NA,NA,9415000,4690000,36665000
9002,NA,NA,NA,NA,5000,NA,NA,NA,NA,NA,10000,15000
9003,NA,NA,NA,NA,NA,NA,NA,NA,NA,NA,5000,5000
9005,NA,NA,NA,NA,NA,NA,NA,NA,NA,NA,5000,5000
9007,NA,NA,NA,NA,5000,NA,NA,NA,NA,NA,5000,10000
9008,NA,NA,NA,NA,NA,NA,NA,NA,NA,NA,5000,5000
9009,NA,NA,NA,NA,5000,NA,NA,NA,NA,NA,5000,10000
9010,NA,NA,NA,NA,5000,NA,NA,NA,NA,NA,5000,10000
9011,NA,NA,NA,NA,5000,NA,NA,NA,NA,NA,5000,10000
9016,NA,NA,NA,NA,5000,NA,NA,NA,NA,NA,5000,10000
9017,NA,NA,NA,NA,15000,NA,NA,NA,NA,NA,25000,40000
10002,975000,970000,970000,1120000,1140000,1165000,1165000,1165000,1165000,1155000,1140000,12130000
10003,1915000,1910000,1910000,2840000,2955000,2985000,2965000,2965000,2965000,2960000,2990000,29360000
10005,NA,NA,NA,2890000,6025000,6020000,6000000,6000000,6000000,6000000,6015000,44950000
10006,1980000,1980000,1995000,1990000,2015000,3540000,2970000,2965000,2965000,2950000,2910000,28260000
10007,NA,NA,NA,NA,5000,NA,NA,NA,NA,NA,10000,15000
10009,NA,NA,NA,985000,995000,1005000,1000000,1005000,1005000,1005000,1005000,8005000
10010,NA,NA,NA,630000,775000,1225000,1000000,1035000,1035000,1030000,1030000,7760000
10011,NA,NA,NA,NA,NA,2000000,1015000,1020000,1020000,1020000,1015000,7090000
10014,14465000,14170000,14180000,14210000,14290000,22795000,22660000,24295000,24295000,24255000,24210000,213825000
10015,NA,NA,NA,990000,1025000,995000,995000,1000000,1000000,1000000,1030000,8035000
10016,4815000,4820000,4825000,4820000,4875000,4805000,4710000,4735000,4735000,4720000,4665000,52525000
10017,NA,NA,NA,1260000,1715000,2045000,1960000,2010000,2010000,2010000,2000000,15010000
10019,965000,950000,950000,1705000,2000000,2010000,1995000,2000000,2000000,1985000,1985000,18545000
10020,NA,NA,NA,1930000,1990000,1985000,1995000,1995000,1995000,1980000,1975000,15845000
10022,NA,NA,NA,NA,15000,NA,NA,NA,NA,NA,15000,30000
10023,4495000,4420000,4425000,4905000,6375000,6440000,6375000,6365000,6365000,6330000,6215000,62710000
10024,NA,NA,NA,980000,1015000,1015000,1015000,1015000,1015000,1015000,1000000,8070000
10025,NA,NA,NA,610000,610000,1370000,1000000,1000000,1000000,1000000,1000000,7590000
10026,NA,NA,NA,NA,4130000,5865000,5000000,5075000,5075000,5040000,5005000,35190000
10027,2995000,2995000,2995000,2995000,4815000,5140000,4975000,5045000,5045000,5045000,5035000,47080000
10028,NA,NA,NA,2010000,2015000,1985000,1990000,2015000,2015000,2010000,1990000,16030000
10029,1795000,1795000,1815000,1810000,1870000,2005000,1945000,1945000,1945000,1945000,1890000,20760000
10030,1870000,1870000,1945000,1950000,2020000,2100000,2040000,2035000,2035000,1975000,1755000,21595000
10031,995000,995000,1000000,1000000,1010000,2430000,1840000,1920000,1920000,1900000,1880000,16890000
10032,NA,NA,NA,1730000,1855000,1825000,1815000,1830000,1830000,1810000,1855000,14550000
10033,1995000,1995000,1995000,3535000,3605000,3625000,3540000,3545000,3545000,3545000,3495000,34420000
10034,7925000,7900000,7905000,7930000,8165000,11305000,9900000,9925000,9925000,9885000,9840000,100605000
10035,1000000,1000000,1000000,1845000,1990000,1995000,1995000,2000000,2000000,1950000,1925000,18700000
10037,990000,990000,990000,1950000,1965000,2010000,2000000,2000000,2000000,1970000,1955000,18820000
10038,NA,NA,NA,1200000,1290000,1275000,1275000,1275000,1275000,1275000,1375000,10240000
11030,NA,NA,NA,NA,NA,NA,NA,NA,NA,NA,10000,10000
12001,NA,NA,NA,165000,720000,1300000,1015000,1020000,1020000,1020000,1040000,7300000
12002,NA,NA,NA,1795000,2000000,2000000,1995000,1990000,1990000,1965000,1955000,15690000
12003,NA,NA,NA,270000,845000,1045000,945000,945000,945000,940000,945000,6880000
12004,NA,NA,NA,1075000,2660000,3085000,3025000,3035000,3035000,2985000,2975000,21875000
12008,NA,NA,NA,225000,1350000,1395000,1365000,1365000,1365000,1345000,1320000,9730000
12009,NA,NA,NA,1040000,1490000,1705000,1600000,1600000,1600000,1580000,1575000,12190000
12011,NA,NA,NA,2645000,4990000,4140000,6700000,4150000,4150000,5835000,4970000,37580000
12012,NA,NA,NA,95000,100000,100000,100000,100000,100000,100000,100000,795000
12013,NA,NA,NA,470000,1375000,1610000,2165000,1435000,1435000,1865000,1625000,11980000
12017,NA,NA,NA,NA,10000,10000,10000,10000,10000,10000,NA,60000
12018,NA,NA,NA,785000,1185000,2100000,1645000,1640000,1640000,1630000,1620000,12245000
12019,NA,NA,NA,595000,1590000,1970000,1775000,1760000,1760000,1765000,1755000,12970000
12021,NA,NA,NA,1285000,2095000,2055000,3585000,2000000,2000000,3235000,2590000,18845000
12022,NA,NA,NA,200000,295000,385000,340000,340000,340000,340000,330000,2570000
12023,NA,NA,NA,1375000,1990000,2190000,2100000,2160000,2160000,2140000,2135000,16250000
12024,NA,NA,NA,1655000,2000000,2000000,1995000,1990000,1990000,1955000,1955000,15540000
12025,NA,NA,NA,1270000,2260000,3140000,2700000,2700000,2700000,2640000,2615000,20025000
12027,NA,NA,NA,NA,5000,5000,5000,5000,5000,5000,95000,125000
12028,NA,NA,NA,780000,2600000,5305000,4020000,4025000,4025000,4010000,4035000,28800000
12029,NA,NA,NA,405000,1005000,1545000,2210000,1135000,1135000,1860000,1490000,10785000
12030,NA,NA,NA,NA,380000,1060000,720000,720000,720000,715000,725000,5040000
12032,NA,NA,NA,NA,1545000,630000,6390000,365000,365000,4350000,2355000,16000000
12034,NA,NA,NA,665000,1480000,2220000,1850000,1850000,1850000,1850000,1845000,13610000
12035,NA,NA,NA,365000,590000,605000,605000,605000,605000,605000,605000,4585000
12038,NA,NA,NA,1565000,1965000,2610000,2300000,2300000,2300000,2260000,2220000,17520000
12040,NA,NA,NA,1825000,4325000,4815000,4645000,4625000,4625000,4630000,4615000,34105000
12041,NA,NA,NA,2405000,3785000,4620000,4215000,4220000,4220000,4165000,4160000,31790000
12042,NA,NA,NA,1280000,1705000,1800000,1755000,1750000,1750000,1725000,1725000,13490000
12043,NA,NA,NA,805000,3175000,4265000,6775000,3820000,3820000,5860000,4820000,33340000
12044,NA,NA,NA,625000,1480000,2515000,1995000,1995000,1995000,1975000,1960000,14540000
12045,NA,NA,NA,755000,1000000,1000000,1000000,1000000,1000000,995000,995000,7745000
12046,NA,NA,NA,1610000,2450000,2920000,2855000,2865000,2865000,2865000,2855000,21285000
12048,NA,NA,NA,4440000,4800000,4820000,4805000,4795000,4795000,4795000,4700000,37950000
12049,NA,NA,NA,15000,15000,145000,80000,80000,80000,70000,NA,485000
12050,NA,NA,NA,NA,NA,NA,NA,NA,NA,NA,20000,20000
12051,NA,NA,NA,345000,1025000,2715000,1870000,1865000,1865000,1850000,1850000,13385000
12052,NA,NA,NA,295000,430000,440000,435000,435000,435000,435000,435000,3340000
12053,NA,NA,NA,2230000,3345000,4520000,3980000,3980000,3980000,3940000,3940000,29915000
12054,NA,NA,NA,90000,115000,315000,215000,215000,215000,210000,205000,1580000
12055,NA,NA,NA,15000,15000,15000,15000,15000,15000,15000,NA,105000
12057,NA,NA,NA,1645000,3265000,4105000,3690000,3690000,3690000,3670000,3770000,27525000
12058,NA,NA,NA,2635000,4205000,4515000,4335000,4365000,4365000,4315000,4320000,33055000
12061,NA,NA,NA,680000,1000000,1490000,1245000,1245000,1245000,1230000,1230000,9365000
12062,NA,NA,NA,885000,2565000,2135000,4160000,1985000,1985000,3420000,2655000,19790000
12068,NA,NA,NA,1755000,2550000,2830000,2685000,2695000,2695000,2675000,2655000,20540000
12071,NA,NA,NA,740000,1775000,1980000,3605000,1645000,1645000,3095000,2360000,16845000
12074,NA,NA,NA,820000,1735000,2275000,1995000,1970000,1970000,1960000,1940000,14665000
12075,NA,NA,NA,NA,NA,NA,NA,NA,NA,NA,5000,5000
12077,NA,NA,NA,780000,1360000,1390000,1375000,1375000,1375000,1350000,1410000,10415000
12078,NA,NA,NA,NA,NA,NA,10000,NA,NA,10000,NA,20000
12079,NA,NA,NA,NA,NA,1895000,965000,965000,965000,930000,905000,6625000
12080,NA,NA,NA,125000,1065000,1345000,1375000,1340000,1340000,1320000,1255000,9165000
12081,NA,NA,NA,795000,1000000,1280000,1140000,1140000,1140000,1140000,1140000,8775000
13004,NA,NA,NA,NA,5000,5000,5000,5000,5000,5000,NA,30000
13011,NA,NA,NA,2450000,2780000,5100000,3940000,3935000,3935000,3915000,3915000,29970000
13015,NA,NA,NA,3505000,3760000,5290000,5000000,5085000,5085000,5070000,5045000,37840000
13018,NA,NA,NA,NA,NA,1060000,700000,725000,725000,715000,710000,4635000
13025,NA,NA,NA,2365000,3830000,6140000,4970000,4995000,4995000,4990000,4985000,37270000
13026,NA,NA,NA,600000,1170000,2830000,2000000,2000000,2000000,2000000,2000000,14600000
13028,NA,NA,NA,1405000,2125000,3875000,3045000,3080000,3080000,3075000,3080000,22765000
13030,NA,NA,NA,NA,NA,NA,NA,NA,NA,NA,15000,15000
13031,NA,NA,NA,NA,5000,395000,980000,1045000,1045000,1025000,1025000,5520000
13032,NA,NA,NA,NA,975000,1000000,995000,995000,995000,995000,990000,6945000
13034,NA,NA,NA,NA,20000,20000,20000,20000,20000,20000,NA,120000
13042,NA,NA,NA,NA,80000,270000,235000,235000,235000,235000,235000,1525000
13043,NA,NA,NA,1805000,2300000,4425000,3455000,3455000,3455000,3455000,3450000,25800000
13046,NA,NA,NA,3365000,4645000,5345000,4995000,4970000,4970000,4945000,4960000,38195000
13062,NA,NA,NA,2075000,3570000,5050000,5110000,5180000,5180000,5135000,5150000,36450000
13068,NA,NA,NA,840000,1150000,2740000,2180000,2180000,2180000,2165000,2165000,15600000
13071,NA,NA,NA,15000,125000,265000,235000,370000,370000,370000,370000,2120000
13073,NA,NA,NA,110000,925000,2760000,4170000,4215000,4215000,4210000,4210000,24815000
13078,NA,NA,NA,230000,575000,1950000,1345000,1350000,1350000,1345000,1340000,9485000
13079,NA,NA,NA,NA,NA,1025000,520000,520000,520000,515000,515000,3615000
13080,NA,NA,NA,690000,810000,2915000,2000000,1990000,1990000,1985000,1975000,14355000
13081,NA,NA,NA,NA,15000,15000,15000,15000,15000,15000,NA,90000
13083,NA,NA,NA,NA,NA,NA,NA,NA,NA,NA,5000,5000
13084,NA,NA,NA,715000,820000,2265000,1595000,1590000,1590000,1590000,1590000,11755000
14022,NA,NA,NA,NA,5000,NA,NA,NA,NA,NA,80000,85000
14061,NA,NA,NA,NA,5000,NA,NA,NA,NA,NA,5000,10000
15020,NA,NA,NA,NA,5000,NA,NA,NA,NA,NA,5000,10000
15024,NA,NA,NA,NA,5000,NA,NA,NA,NA,NA,5000,10000
15033,NA,NA,NA,NA,NA,NA,NA,NA,NA,NA,10000,10000
15057,NA,NA,NA,NA,5000,NA,NA,NA,NA,NA,5000,10000
15058,NA,NA,NA,NA,NA,NA,NA,NA,NA,NA,5000,5000
15070,NA,NA,NA,NA,5000,NA,NA,NA,NA,NA,5000,10000
15109,NA,NA,NA,NA,NA,NA,NA,NA,NA,NA,5000,5000
16006,NA,NA,NA,NA,NA,NA,NA,NA,NA,NA,5000,5000
16013,NA,NA,NA,1190000,1910000,2050000,1980000,1980000,1980000,1950000,1995000,15035000
16014,NA,NA,NA,NA,NA,NA,NA,NA,NA,NA,10000,10000
16022,NA,NA,NA,5000,15000,15000,15000,15000,15000,15000,25000,120000
16024,NA,NA,NA,NA,2465000,2440000,2395000,2385000,2385000,2380000,2365000,16815000
16029,NA,NA,NA,10000,10000,10000,10000,10000,10000,10000,25000,95000
16033,NA,NA,NA,1875000,2485000,2505000,2490000,2550000,2550000,2540000,2550000,19545000
16035,NA,NA,NA,NA,5000,5000,5000,5000,5000,5000,35000,65000
16038,NA,NA,NA,2035000,3160000,3820000,3480000,3490000,3490000,3490000,3470000,26435000
16049,NA,NA,NA,10000,10000,10000,10000,10000,10000,10000,NA,70000
16053,NA,NA,NA,3875000,4950000,5030000,4930000,4950000,4950000,4925000,4930000,38540000
16055,NA,NA,NA,1865000,2495000,2505000,2495000,2540000,2540000,2540000,2470000,19450000
16056,NA,NA,NA,1920000,3945000,4050000,3980000,3985000,3985000,3975000,3975000,29815000
16057,NA,NA,NA,1800000,2750000,2960000,2855000,2875000,2875000,2840000,2820000,21775000
16058,NA,NA,NA,NA,NA,NA,NA,NA,NA,NA,5000,5000
16059,NA,NA,NA,NA,5000,5000,5000,5000,5000,5000,10000,40000
16064,NA,NA,NA,NA,NA,NA,NA,NA,NA,NA,65000,65000
16065,NA,NA,NA,2180000,3525000,3675000,3595000,3595000,3595000,3570000,3580000,27315000
16066,NA,NA,NA,NA,NA,NA,NA,NA,NA,NA,15000,15000
16077,NA,NA,NA,1265000,2730000,4235000,3485000,3490000,3490000,3490000,3370000,25555000
16082,NA,NA,NA,110000,130000,130000,130000,130000,130000,130000,135000,1025000
16087,NA,NA,NA,NA,NA,NA,NA,NA,NA,NA,5000,5000
16090,NA,NA,NA,1335000,3960000,4040000,3995000,3985000,3985000,3910000,3885000,29095000
16092,NA,NA,NA,1605000,3235000,3575000,3395000,3420000,3420000,3415000,3415000,25480000
16097,NA,NA,NA,1670000,3640000,4315000,3950000,4005000,4005000,3985000,3935000,29505000
16101,NA,NA,NA,1070000,2100000,2945000,2470000,2510000,2510000,2490000,2545000,18640000
16102,NA,NA,NA,1650000,3045000,4880000,3985000,3990000,3990000,3985000,3960000,29485000
17002,NA,NA,NA,105000,230000,245000,235000,235000,235000,235000,235000,1755000
17003,NA,NA,NA,875000,1530000,1630000,1570000,1570000,1570000,1565000,1510000,11820000
17004,NA,NA,NA,265000,1020000,2855000,2085000,2090000,2090000,2075000,2010000,14490000
17005,NA,NA,NA,135000,330000,975000,730000,730000,730000,720000,790000,5140000
17006,NA,NA,NA,40000,55000,60000,60000,60000,60000,60000,95000,490000
17010,NA,NA,NA,150000,420000,570000,485000,485000,485000,485000,450000,3530000
17013,NA,NA,NA,135000,440000,860000,665000,665000,665000,590000,605000,4625000
17014,NA,NA,NA,160000,450000,865000,725000,730000,730000,730000,730000,5120000
17015,NA,NA,NA,710000,1420000,3090000,2455000,2460000,2460000,2445000,2520000,17560000
17016,NA,NA,NA,165000,305000,470000,390000,390000,390000,380000,370000,2860000
17017,NA,NA,NA,170000,1025000,1910000,1555000,1550000,1550000,1550000,1525000,10835000
17018,NA,NA,NA,175000,225000,475000,360000,365000,365000,365000,330000,2660000
17019,NA,NA,NA,925000,1680000,2850000,2310000,2310000,2310000,2280000,2310000,16975000
17020,NA,NA,NA,NA,5000,NA,NA,NA,NA,NA,5000,10000
17021,NA,NA,NA,145000,260000,365000,315000,315000,315000,315000,315000,2345000
17022,NA,NA,NA,560000,1105000,1250000,1185000,1185000,1185000,1185000,1200000,8855000
17024,NA,NA,NA,NA,185000,1170000,775000,775000,775000,770000,740000,5190000
17025,NA,NA,NA,2010000,3565000,5770000,4840000,4840000,4840000,4830000,4825000,35520000
17026,NA,NA,NA,NA,NA,20000,10000,10000,10000,10000,15000,75000
17027,NA,NA,NA,25000,125000,125000,125000,125000,125000,125000,125000,900000
17029,NA,NA,NA,225000,490000,1195000,855000,855000,855000,850000,850000,6175000
17030,NA,NA,NA,485000,950000,1510000,1220000,1220000,1220000,1215000,1115000,8935000
17032,NA,NA,NA,435000,1120000,1470000,1300000,1305000,1305000,1275000,1310000,9520000
17033,NA,NA,NA,510000,625000,635000,625000,620000,620000,620000,645000,4900000
18001,NA,NA,NA,850000,1820000,1940000,1860000,1875000,1875000,1870000,1865000,13955000
18005,NA,NA,NA,380000,2515000,1765000,4505000,1750000,1750000,3480000,2605000,18750000
18007,NA,NA,NA,290000,1270000,2010000,2260000,1480000,1480000,1990000,1730000,12510000
18009,NA,NA,NA,3850000,8250000,10775000,16510000,8995000,8995000,12915000,10875000,81165000
18010,NA,NA,NA,1310000,2335000,2670000,2500000,2480000,2480000,2455000,2420000,18650000
18011,NA,NA,NA,930000,1930000,2045000,1995000,1995000,1995000,1980000,1960000,14830000
18017,NA,NA,NA,NA,NA,NA,NA,NA,NA,NA,5000,5000
18019,NA,NA,NA,330000,4020000,540000,9115000,510000,510000,5990000,3255000,24270000
18999,NA,NA,NA,NA,5000,NA,15000,NA,NA,10000,NA,30000
19019,NA,NA,NA,NA,NA,NA,NA,NA,NA,NA,5000,5000
19025,NA,NA,NA,NA,5000,NA,NA,NA,NA,NA,5000,10000
19038,NA,NA,NA,NA,NA,NA,NA,NA,NA,NA,5000,5000
20003,NA,NA,NA,325000,970000,1035000,1000000,1000000,1000000,970000,970000,7270000
20005,NA,NA,NA,1890000,2850000,3745000,3375000,3380000,3380000,3230000,3185000,25035000
20006,NA,NA,NA,745000,1155000,1185000,1170000,1285000,1285000,1165000,1155000,9145000
20008,NA,NA,NA,405000,485000,555000,525000,530000,530000,510000,500000,4040000
20010,NA,NA,NA,290000,355000,515000,510000,520000,520000,505000,490000,3705000
20014,NA,NA,NA,NA,460000,695000,620000,625000,625000,620000,595000,4240000
20016,NA,NA,NA,NA,2265000,NA,4250000,NA,NA,2750000,1375000,10640000
20018,NA,NA,NA,275000,540000,540000,535000,535000,535000,530000,515000,4005000
20025,NA,NA,NA,325000,425000,425000,425000,425000,425000,415000,860000,3725000
20030,NA,NA,NA,385000,420000,435000,440000,445000,445000,445000,435000,3450000
20031,NA,NA,NA,NA,900000,1100000,1000000,1050000,1050000,1045000,1045000,7190000
20036,NA,NA,NA,1275000,2335000,2480000,2420000,2420000,2420000,2385000,2360000,18095000
20038,NA,NA,NA,NA,605000,610000,610000,610000,610000,580000,580000,4205000
20042,NA,NA,NA,NA,NA,940000,665000,695000,695000,690000,685000,4370000
20043,NA,NA,NA,1095000,2560000,4195000,3420000,3505000,3505000,3270000,3180000,24730000
20044,NA,NA,NA,NA,35000,NA,NA,NA,NA,NA,35000,70000
20046,NA,NA,NA,NA,975000,975000,970000,960000,960000,960000,955000,6755000
20047,NA,NA,NA,NA,90000,90000,90000,85000,85000,85000,85000,610000
20050,NA,NA,NA,395000,735000,830000,785000,785000,785000,775000,775000,5865000
20052,NA,NA,NA,2170000,2780000,3800000,3425000,3505000,3505000,3380000,3330000,25895000
20053,NA,NA,NA,335000,405000,410000,410000,410000,410000,405000,380000,3165000
20054,NA,NA,NA,NA,60000,60000,60000,65000,65000,65000,65000,440000
20057,NA,NA,NA,1655000,1985000,2100000,2055000,2065000,2065000,2060000,2240000,16225000
20060,NA,NA,NA,NA,590000,645000,795000,795000,795000,815000,815000,5250000
20066,NA,NA,NA,1140000,1225000,2120000,1720000,1760000,1760000,1735000,1700000,13160000
20075,NA,NA,NA,530000,615000,640000,625000,640000,640000,610000,600000,4900000
20079,NA,NA,NA,495000,500000,600000,550000,550000,550000,535000,335000,4115000
20093,NA,NA,NA,205000,235000,235000,235000,235000,235000,235000,235000,1850000
20094,NA,NA,NA,NA,265000,275000,270000,270000,270000,270000,270000,1890000
20097,NA,NA,NA,90000,235000,875000,555000,560000,560000,550000,550000,3975000
20100,NA,NA,NA,195000,195000,195000,195000,195000,195000,195000,195000,1560000
20106,NA,NA,NA,NA,190000,200000,195000,195000,195000,195000,195000,1365000
20108,NA,NA,NA,500000,680000,690000,685000,705000,705000,685000,690000,5340000
20110,NA,NA,NA,NA,185000,195000,195000,195000,195000,195000,195000,1355000
20121,NA,NA,NA,100000,120000,555000,335000,335000,335000,335000,335000,2450000
20124,NA,NA,NA,585000,850000,2055000,1470000,1480000,1480000,1430000,1330000,10680000
20125,NA,NA,NA,NA,NA,NA,NA,110000,110000,110000,105000,435000
20127,NA,NA,NA,465000,470000,480000,475000,475000,475000,465000,465000,3770000
20128,NA,NA,NA,310000,330000,330000,330000,335000,335000,330000,325000,2625000
20130,NA,NA,NA,690000,745000,1185000,965000,975000,975000,975000,940000,7450000
20138,NA,NA,NA,105000,185000,185000,185000,185000,185000,180000,180000,1390000
20140,NA,NA,NA,40000,55000,180000,115000,115000,115000,115000,120000,855000
20141,NA,NA,NA,1375000,1605000,2770000,2200000,2200000,2200000,2055000,2055000,16460000
20143,NA,NA,NA,960000,1080000,3115000,2095000,2115000,2115000,2050000,2010000,15540000
20144,NA,NA,NA,NA,290000,295000,290000,285000,285000,285000,275000,2005000
20147,NA,NA,NA,215000,320000,315000,320000,320000,320000,315000,315000,2440000
20151,NA,NA,NA,NA,310000,320000,310000,315000,315000,305000,310000,2185000
20156,NA,NA,NA,1585000,1595000,1595000,1595000,1610000,1610000,1595000,1600000,12785000
20161,NA,NA,NA,1040000,1040000,1040000,1040000,1020000,1020000,1015000,1010000,8225000
20164,NA,NA,NA,NA,115000,205000,165000,165000,165000,175000,175000,1165000
20172,NA,NA,NA,NA,45000,45000,45000,45000,45000,45000,45000,315000
20173,NA,NA,NA,NA,NA,440000,455000,480000,480000,440000,435000,2730000
20176,NA,NA,NA,895000,1140000,1150000,1145000,1140000,1140000,1135000,1135000,8880000
20181,NA,NA,NA,160000,260000,270000,265000,265000,265000,260000,255000,2000000
20184,NA,NA,NA,NA,NA,NA,NA,NA,NA,NA,10000,10000
20195,NA,NA,NA,NA,110000,160000,135000,135000,135000,135000,135000,945000
20196,NA,NA,NA,NA,NA,275000,210000,215000,215000,210000,210000,1335000
20198,NA,NA,NA,2880000,4705000,5880000,5640000,5790000,5790000,5730000,5705000,42120000
20201,NA,NA,NA,380000,395000,985000,850000,895000,895000,845000,840000,6085000
20204,NA,NA,NA,NA,NA,NA,NA,100000,100000,100000,100000,400000
20207,NA,NA,NA,2775000,2995000,3895000,3995000,4065000,4065000,4005000,3735000,29530000
20210,NA,NA,NA,1400000,2420000,2375000,2395000,2395000,2395000,2405000,2390000,18175000
20212,NA,NA,NA,1080000,1175000,1175000,1170000,1170000,1170000,1175000,1175000,9290000
20215,NA,NA,NA,NA,45000,145000,95000,95000,95000,95000,95000,665000
20216,NA,NA,NA,280000,280000,280000,280000,280000,280000,280000,280000,2240000
20217,NA,NA,NA,745000,1000000,1000000,1000000,1065000,1065000,1000000,1000000,7875000
20221,NA,NA,NA,205000,625000,655000,640000,630000,630000,615000,605000,4605000
20222,NA,NA,NA,235000,455000,455000,455000,455000,455000,455000,455000,3420000
20223,NA,NA,NA,225000,225000,225000,225000,225000,225000,225000,225000,1800000
20224,NA,NA,NA,140000,190000,180000,180000,180000,180000,180000,180000,1410000
20230,NA,NA,NA,NA,125000,225000,170000,170000,170000,175000,155000,1190000
20237,NA,NA,NA,215000,225000,225000,225000,225000,225000,265000,265000,1870000
20239,NA,NA,NA,295000,360000,370000,365000,360000,360000,355000,355000,2820000
20242,NA,NA,NA,10000,2000000,40000,3770000,35000,35000,2300000,1130000,9320000
20246,NA,NA,NA,255000,255000,255000,255000,255000,255000,255000,255000,2040000
20248,NA,NA,NA,NA,165000,230000,195000,200000,200000,200000,195000,1385000
20250,NA,NA,NA,NA,370000,370000,370000,360000,360000,360000,355000,2545000
20252,NA,NA,NA,NA,NA,650000,330000,330000,330000,330000,325000,2295000
20255,NA,NA,NA,375000,400000,400000,400000,415000,415000,390000,390000,3185000
20256,NA,NA,NA,NA,165000,175000,170000,170000,170000,170000,170000,1190000
20257,NA,NA,NA,330000,330000,335000,335000,335000,335000,335000,335000,2670000
20258,NA,NA,NA,185000,190000,190000,190000,190000,190000,190000,190000,1515000
20261,NA,NA,NA,2210000,2995000,3230000,3125000,3190000,3190000,3105000,3080000,24125000
20262,NA,NA,NA,NA,NA,465000,235000,485000,485000,465000,465000,2600000
20264,NA,NA,NA,1095000,1115000,1105000,1105000,1130000,1130000,1085000,1070000,8835000
20265,NA,NA,NA,1720000,2190000,2850000,2535000,2555000,2555000,2530000,2490000,19425000
20270,NA,NA,NA,585000,620000,625000,625000,640000,640000,625000,625000,4985000
20274,NA,NA,NA,865000,1095000,1090000,1095000,1100000,1100000,1095000,1090000,8530000
20275,NA,NA,NA,NA,1320000,1575000,2825000,1475000,1475000,2355000,1920000,12945000
20280,NA,NA,NA,605000,605000,605000,605000,605000,605000,600000,590000,4820000
20281,NA,NA,NA,85000,95000,95000,95000,95000,95000,95000,95000,750000
20282,NA,NA,NA,440000,525000,605000,575000,580000,580000,580000,570000,4455000
20283,NA,NA,NA,245000,510000,810000,660000,660000,660000,655000,655000,4855000
20286,NA,NA,NA,NA,150000,150000,150000,150000,150000,150000,150000,1050000
20288,NA,NA,NA,215000,220000,230000,230000,230000,230000,230000,230000,1815000
20299,NA,NA,NA,355000,360000,360000,360000,360000,360000,355000,355000,2865000
20303,NA,NA,NA,145000,145000,145000,145000,145000,145000,145000,145000,1160000
20304,NA,NA,NA,NA,260000,270000,265000,265000,265000,265000,265000,1855000
20305,NA,NA,NA,410000,670000,695000,695000,695000,695000,690000,720000,5270000
20307,NA,NA,NA,1255000,1590000,1870000,1730000,1740000,1740000,1715000,1695000,13335000
20308,NA,NA,NA,240000,240000,260000,250000,250000,250000,235000,235000,1960000
20317,NA,NA,NA,380000,410000,440000,425000,420000,420000,420000,420000,3335000
20327,NA,NA,NA,3015000,3275000,3310000,3270000,3285000,3285000,3235000,2765000,25440000
20329,NA,NA,NA,795000,905000,925000,915000,915000,915000,915000,910000,7195000
20331,NA,NA,NA,NA,210000,205000,205000,205000,205000,205000,205000,1440000
20332,NA,NA,NA,130000,195000,195000,195000,195000,195000,185000,180000,1470000
20337,NA,NA,NA,NA,995000,1005000,1000000,1045000,1045000,1040000,1040000,7170000
20339,NA,NA,NA,340000,770000,810000,785000,785000,785000,770000,770000,5815000
20341,NA,NA,NA,45000,70000,70000,70000,70000,70000,70000,70000,535000
20346,NA,NA,NA,NA,210000,210000,210000,210000,210000,210000,200000,1460000
20348,NA,NA,NA,1150000,1365000,1365000,1370000,1355000,1355000,1335000,1335000,10630000
20352,NA,NA,NA,1230000,1545000,1685000,1625000,1705000,1705000,1600000,1600000,12695000
20357,NA,NA,NA,NA,NA,NA,NA,NA,NA,NA,5000,5000
20365,NA,NA,NA,NA,NA,1420000,860000,975000,975000,965000,965000,6160000
20370,NA,NA,NA,340000,365000,365000,365000,365000,365000,365000,360000,2890000
20379,NA,NA,NA,NA,NA,1090000,545000,545000,545000,535000,535000,3795000
20383,NA,NA,NA,355000,355000,355000,355000,355000,355000,355000,355000,2840000
20385,NA,NA,NA,NA,NA,NA,NA,NA,NA,NA,15000,15000
20394,NA,NA,NA,405000,1000000,1000000,1000000,990000,990000,980000,980000,7345000
20395,NA,NA,NA,NA,335000,335000,335000,335000,335000,335000,335000,2345000
20397,NA,NA,NA,390000,760000,860000,810000,810000,810000,810000,805000,6055000
20404,NA,NA,NA,260000,275000,405000,335000,335000,335000,340000,335000,2620000
20405,NA,NA,NA,130000,230000,230000,230000,225000,225000,210000,200000,1680000
20407,NA,NA,NA,2915000,4310000,5835000,5080000,5065000,5065000,4935000,4850000,38055000
20408,NA,NA,NA,255000,280000,280000,280000,280000,280000,280000,280000,2215000
20410,NA,NA,NA,145000,345000,530000,450000,450000,450000,420000,420000,3210000
20412,NA,NA,NA,1650000,1955000,2040000,1995000,2005000,2005000,1975000,1935000,15560000
20418,NA,NA,NA,575000,705000,1145000,1240000,1265000,1265000,1230000,1210000,8635000
20419,NA,NA,NA,NA,NA,355000,360000,400000,400000,350000,350000,2215000
20420,NA,NA,NA,65000,230000,230000,230000,235000,235000,230000,225000,1680000
20421,NA,NA,NA,355000,355000,465000,410000,420000,420000,415000,370000,3210000
20422,NA,NA,NA,NA,NA,385000,200000,200000,200000,195000,195000,1375000
20423,NA,NA,NA,NA,165000,175000,170000,170000,170000,165000,165000,1180000
20427,NA,NA,NA,835000,1165000,1465000,1455000,1515000,1515000,1485000,1475000,10910000
20432,NA,NA,NA,600000,600000,600000,600000,605000,605000,600000,600000,4810000
20437,NA,NA,NA,NA,955000,1105000,1110000,1110000,1110000,1115000,1115000,7620000
20440,NA,NA,NA,130000,130000,155000,155000,155000,155000,140000,140000,1160000
20441,NA,NA,NA,195000,300000,515000,410000,410000,410000,410000,405000,3055000
20444,NA,NA,NA,NA,NA,NA,NA,NA,NA,NA,5000,5000
20451,NA,NA,NA,NA,350000,350000,350000,350000,350000,350000,350000,2450000
20453,NA,NA,NA,5000,280000,390000,335000,340000,340000,340000,330000,2360000
20454,NA,NA,NA,410000,995000,980000,975000,995000,995000,975000,970000,7295000
20456,NA,NA,NA,150000,225000,225000,235000,235000,235000,280000,270000,1855000
20457,NA,NA,NA,630000,630000,630000,630000,630000,630000,630000,630000,5040000
20463,NA,NA,NA,NA,295000,295000,295000,290000,290000,290000,290000,2045000
20464,NA,NA,NA,235000,265000,265000,265000,265000,265000,265000,260000,2085000
20465,NA,NA,NA,NA,NA,NA,NA,150000,150000,120000,120000,540000
20469,NA,NA,NA,795000,880000,940000,905000,905000,905000,900000,895000,7125000
20470,NA,NA,NA,655000,1370000,1685000,1675000,1675000,1675000,1655000,1630000,12020000
20471,NA,NA,NA,150000,150000,150000,150000,150000,150000,150000,150000,1200000
20472,NA,NA,NA,1025000,1025000,1035000,1025000,1025000,1025000,1025000,1015000,8200000
20473,NA,NA,NA,390000,390000,390000,390000,390000,390000,375000,375000,3090000
20479,NA,NA,NA,NA,35000,30000,30000,30000,30000,30000,30000,215000
20480,NA,NA,NA,555000,580000,580000,580000,580000,580000,585000,585000,4625000
20481,NA,NA,NA,NA,400000,435000,445000,445000,445000,455000,455000,3080000
20486,NA,NA,NA,325000,970000,1075000,1025000,1010000,1010000,995000,975000,7385000
20492,NA,NA,NA,95000,155000,155000,155000,245000,245000,150000,150000,1350000
20493,NA,NA,NA,130000,190000,190000,190000,190000,190000,185000,175000,1440000
20499,NA,NA,NA,NA,290000,310000,300000,300000,300000,300000,300000,2100000
20505,NA,NA,NA,745000,915000,1610000,1270000,1285000,1285000,1255000,1265000,9630000
20506,NA,NA,NA,490000,490000,700000,595000,595000,595000,590000,590000,4645000
20508,NA,NA,NA,300000,325000,410000,410000,410000,410000,410000,420000,3095000
20511,NA,NA,NA,NA,1100000,1080000,1100000,1090000,1090000,1090000,1090000,7640000
20513,NA,NA,NA,690000,1290000,2320000,2135000,2200000,2200000,2150000,2090000,15075000
20514,NA,NA,NA,250000,250000,250000,250000,250000,250000,250000,250000,2000000
20515,NA,NA,NA,3475000,4375000,5440000,4960000,4980000,4980000,4905000,5100000,38215000
20517,NA,NA,NA,NA,1000000,1000000,1010000,1010000,1010000,1010000,1010000,7050000
20518,NA,NA,NA,65000,75000,75000,75000,70000,70000,70000,70000,570000
20520,NA,NA,NA,915000,955000,1135000,1065000,1065000,1065000,1130000,1130000,8460000
20521,NA,NA,NA,NA,NA,450000,225000,225000,225000,225000,225000,1575000
20522,NA,NA,NA,535000,660000,660000,660000,660000,660000,660000,660000,5155000
20523,NA,NA,NA,NA,NA,205000,130000,130000,130000,130000,130000,855000
20525,NA,NA,NA,2315000,2655000,3700000,3195000,3215000,3215000,3085000,3130000,24510000
20529,NA,NA,NA,450000,455000,455000,455000,455000,455000,460000,460000,3645000
20536,NA,NA,NA,110000,200000,200000,200000,190000,190000,190000,190000,1470000
20537,NA,NA,NA,NA,475000,860000,675000,675000,675000,675000,660000,4695000
20540,NA,NA,NA,425000,470000,490000,480000,475000,475000,475000,490000,3780000
20541,NA,NA,NA,115000,115000,115000,115000,120000,120000,165000,165000,1030000
20547,NA,NA,NA,NA,545000,545000,545000,545000,545000,540000,530000,3795000
20548,NA,NA,NA,190000,440000,755000,590000,590000,590000,600000,595000,4350000
20549,NA,NA,NA,1310000,1380000,1985000,1700000,1700000,1700000,1830000,1830000,13435000
20552,NA,NA,NA,285000,330000,330000,330000,330000,330000,325000,325000,2585000
20556,NA,NA,NA,NA,205000,215000,210000,210000,210000,210000,210000,1470000
20557,NA,NA,NA,460000,500000,780000,615000,625000,625000,590000,585000,4780000
20562,NA,NA,NA,295000,335000,335000,330000,330000,330000,330000,325000,2610000
20564,NA,NA,NA,495000,520000,520000,520000,520000,520000,515000,510000,4120000
20569,NA,NA,NA,475000,490000,490000,490000,490000,490000,490000,485000,3900000
21001,NA,NA,NA,1010000,1180000,1210000,1195000,1190000,1190000,1190000,1185000,9350000
21002,145000,145000,145000,150000,120000,140000,140000,145000,145000,145000,120000,1540000
21005,NA,NA,NA,10000,10000,10000,10000,10000,10000,10000,NA,70000
21006,1000000,1000000,945000,1010000,1010000,995000,995000,995000,995000,995000,980000,10920000
21008,NA,NA,NA,960000,970000,985000,965000,970000,970000,930000,935000,7685000
21014,325000,325000,320000,330000,305000,315000,315000,325000,325000,325000,305000,3515000
21015,NA,NA,NA,235000,250000,250000,250000,245000,245000,245000,225000,1945000
21016,5000,5000,5000,630000,630000,635000,635000,635000,635000,635000,655000,5105000
21017,15000,15000,15000,15000,15000,15000,15000,15000,15000,15000,15000,165000
21019,NA,NA,NA,1480000,1665000,1665000,1665000,1665000,1665000,1665000,1670000,13140000
21022,NA,NA,NA,1625000,1810000,1810000,1805000,1805000,1805000,1800000,1810000,14270000
21023,200000,200000,200000,205000,5000,205000,205000,205000,205000,205000,NA,1835000
21025,375000,375000,380000,425000,440000,425000,425000,445000,445000,445000,435000,4615000
21026,NA,NA,NA,5000,180000,180000,180000,180000,180000,180000,175000,1260000
21028,10000,10000,10000,125000,130000,145000,145000,145000,145000,145000,135000,1145000
21029,520000,520000,520000,535000,575000,525000,525000,530000,530000,515000,500000,5795000
21030,NA,NA,NA,75000,75000,75000,75000,75000,75000,75000,75000,600000
21039,NA,NA,NA,145000,145000,145000,145000,145000,145000,145000,145000,1160000
21040,NA,NA,NA,720000,745000,745000,755000,750000,750000,750000,760000,5975000
21043,2790000,2790000,2680000,2805000,2800000,2700000,2700000,2740000,2740000,2710000,2770000,30225000
21044,970000,970000,970000,1045000,1050000,1030000,1030000,1015000,1015000,1015000,1010000,11120000
21048,NA,NA,NA,70000,120000,120000,120000,120000,120000,120000,120000,910000
21049,NA,NA,NA,65000,80000,375000,235000,235000,235000,235000,240000,1700000
21053,NA,NA,NA,1955000,3830000,4100000,3985000,4020000,4020000,4015000,4010000,29935000
21054,965000,965000,970000,975000,915000,955000,955000,975000,975000,975000,925000,10550000
21057,NA,NA,NA,725000,795000,800000,800000,800000,800000,800000,800000,6320000
21063,5000,5000,5000,5000,NA,5000,5000,5000,5000,5000,NA,45000
21064,NA,NA,NA,1500000,2270000,2385000,2310000,2310000,2310000,2310000,2200000,17595000
21068,NA,NA,NA,NA,15000,NA,NA,NA,NA,NA,10000,25000
21070,NA,NA,NA,1775000,1795000,1860000,1830000,1835000,1835000,1835000,1810000,14575000
21071,NA,NA,NA,630000,685000,690000,730000,730000,730000,730000,720000,5645000
21072,425000,425000,425000,465000,460000,455000,455000,455000,455000,455000,455000,4930000
21074,NA,NA,NA,NA,380000,410000,380000,395000,395000,395000,395000,2750000
21075,680000,680000,675000,680000,670000,660000,660000,655000,655000,650000,650000,7315000
21076,1380000,1380000,1385000,1465000,1370000,1425000,1425000,1460000,1460000,1455000,1350000,15555000
21077,315000,315000,315000,315000,305000,310000,310000,310000,310000,310000,300000,3415000
21080,65000,65000,60000,65000,60000,65000,65000,65000,65000,65000,65000,705000
21083,1520000,1520000,1490000,3495000,3725000,3705000,3705000,3705000,3705000,3705000,3665000,33940000
21084,275000,275000,270000,275000,250000,275000,275000,275000,275000,270000,245000,2960000
21086,NA,NA,NA,1090000,1470000,1480000,1475000,1475000,1475000,1470000,1475000,11410000
21088,940000,945000,935000,970000,940000,960000,960000,965000,965000,965000,915000,10460000
21089,1415000,1415000,1385000,2380000,2450000,2405000,2385000,2385000,2385000,2390000,2405000,23400000
21091,NA,NA,NA,30000,30000,30000,30000,30000,30000,30000,30000,240000
21094,1935000,1935000,1910000,1970000,1970000,1940000,1940000,1950000,1950000,1950000,1930000,21380000
21100,NA,NA,NA,235000,255000,250000,260000,260000,260000,260000,250000,2030000
21101,160000,160000,160000,160000,165000,160000,160000,160000,160000,160000,165000,1770000
21102,NA,NA,NA,140000,140000,140000,140000,140000,140000,140000,165000,1145000
21104,NA,NA,NA,995000,1010000,1020000,1030000,1020000,1020000,1020000,1010000,8125000
21105,10000,10000,10000,10000,25000,10000,10000,10000,10000,10000,25000,140000
21107,970000,970000,970000,970000,970000,945000,945000,945000,945000,945000,970000,10545000
21108,NA,NA,NA,775000,1000000,1000000,1045000,1000000,1000000,995000,985000,7800000
21109,NA,NA,NA,NA,200000,195000,195000,200000,200000,200000,200000,1390000
21111,NA,NA,NA,1880000,2320000,2705000,2505000,2535000,2535000,2535000,2625000,19640000
21114,NA,NA,NA,1195000,1295000,1185000,1185000,1195000,1195000,1195000,1295000,9740000
21119,NA,NA,NA,NA,5000,NA,NA,NA,NA,NA,5000,10000
21121,NA,NA,NA,625000,680000,690000,685000,685000,685000,680000,685000,5415000
21123,635000,635000,620000,675000,620000,645000,645000,680000,680000,675000,645000,7155000
21126,NA,NA,NA,10000,15000,15000,15000,15000,15000,15000,NA,100000
21132,NA,NA,NA,660000,885000,885000,885000,885000,885000,885000,1000000,6970000
21134,NA,NA,NA,NA,575000,575000,570000,570000,570000,570000,555000,3985000
21138,NA,NA,NA,415000,510000,510000,505000,505000,505000,500000,485000,3935000
21140,NA,NA,NA,NA,NA,NA,NA,NA,NA,NA,5000,5000
21143,NA,NA,NA,NA,565000,595000,575000,580000,580000,580000,600000,4075000
21146,NA,NA,NA,135000,150000,180000,160000,165000,165000,165000,165000,1285000
21148,NA,NA,NA,NA,155000,150000,145000,155000,155000,155000,145000,1060000
21153,NA,NA,NA,755000,775000,780000,765000,775000,775000,775000,755000,6155000
21156,NA,NA,NA,NA,10000,NA,NA,NA,NA,NA,10000,20000
21158,865000,865000,865000,880000,855000,840000,840000,885000,885000,885000,885000,9550000
21159,NA,NA,NA,1050000,1050000,1045000,1035000,1050000,1050000,1050000,1040000,8370000
21160,NA,NA,NA,NA,NA,10000,5000,5000,5000,5000,NA,30000
21162,NA,NA,NA,70000,85000,85000,85000,85000,85000,85000,85000,665000
21163,NA,NA,NA,NA,260000,280000,270000,270000,270000,270000,280000,1900000
21164,NA,NA,NA,490000,505000,505000,515000,505000,505000,505000,500000,4030000
21166,NA,NA,NA,NA,NA,NA,NA,NA,NA,NA,5000,5000
21167,1370000,1370000,1355000,1380000,1380000,1365000,1365000,1365000,1365000,1365000,1365000,15045000
21170,NA,NA,NA,1630000,2960000,3015000,2985000,2985000,2985000,2985000,2980000,22525000
21172,1860000,1860000,1825000,1995000,1980000,1975000,1975000,1995000,1995000,1990000,1970000,21420000
21173,5000,5000,5000,5000,10000,5000,5000,5000,5000,NA,5000,55000
21174,15000,15000,45000,65000,190000,60000,60000,60000,60000,60000,120000,750000
21175,NA,NA,NA,175000,205000,205000,205000,205000,205000,205000,205000,1610000
21178,NA,NA,NA,380000,600000,760000,810000,815000,815000,815000,845000,5840000
21180,NA,NA,NA,775000,980000,985000,980000,995000,995000,995000,970000,7675000
21181,NA,NA,NA,NA,140000,150000,140000,145000,145000,145000,150000,1015000
21183,NA,NA,NA,330000,460000,680000,605000,615000,615000,615000,605000,4525000
21184,20000,20000,20000,20000,45000,20000,20000,20000,20000,20000,35000,260000
21186,970000,970000,945000,1010000,1025000,1000000,995000,1005000,1005000,1005000,1025000,10955000
21187,NA,NA,NA,460000,590000,950000,825000,825000,825000,825000,815000,6115000
21188,NA,NA,NA,685000,830000,830000,825000,825000,825000,825000,825000,6470000
21192,765000,765000,755000,775000,760000,735000,735000,750000,750000,745000,760000,8295000
21194,180000,180000,360000,1665000,2165000,1670000,1670000,1680000,1680000,1655000,1960000,14865000
21197,NA,NA,NA,2160000,2445000,2515000,2455000,2460000,2460000,2440000,2380000,19315000
21199,980000,980000,985000,1000000,1045000,980000,980000,1000000,1000000,995000,1040000,10985000
21200,495000,495000,495000,495000,475000,490000,490000,490000,490000,490000,475000,5380000
21202,830000,830000,820000,920000,870000,875000,875000,880000,880000,875000,840000,9495000
21204,245000,245000,245000,260000,245000,260000,255000,255000,255000,250000,245000,2760000
21207,1845000,1835000,1800000,1940000,2050000,1955000,1950000,1950000,1950000,1910000,1995000,21180000
21208,NA,NA,NA,465000,995000,1045000,1015000,1015000,1015000,1005000,1005000,7560000
21210,265000,265000,250000,260000,290000,255000,255000,255000,255000,250000,295000,2895000
21211,205000,205000,205000,205000,180000,195000,195000,195000,195000,190000,180000,2150000
21212,3430000,3430000,3385000,3495000,3405000,3490000,3490000,3495000,3495000,3485000,3415000,38015000
21213,NA,NA,NA,1760000,1775000,1820000,1790000,1790000,1790000,1785000,1725000,14235000
21216,410000,410000,400000,410000,395000,395000,395000,400000,400000,390000,375000,4380000
23002,5875000,5835000,5805000,7420000,12825000,12960000,12880000,12870000,12870000,12830000,12785000,114955000
23004,4900000,4865000,4865000,7195000,10050000,10075000,9950000,9900000,9900000,9760000,9660000,91120000
23005,NA,NA,NA,NA,20000,NA,NA,NA,NA,NA,30000,50000
23006,4920000,4900000,4885000,9870000,9980000,9970000,9960000,9785000,9785000,9880000,9835000,93770000
23007,4770000,4715000,4680000,4800000,5290000,6600000,5940000,5875000,5875000,5790000,5760000,60095000
23008,NA,NA,NA,NA,30000,NA,NA,NA,NA,NA,40000,70000
23009,NA,NA,NA,1180000,1985000,2015000,1995000,1990000,1990000,1985000,1985000,15125000
23010,3965000,3955000,3865000,6565000,9070000,9045000,9025000,8985000,8985000,8955000,8930000,81345000
24001,NA,NA,NA,25000,40000,50000,45000,45000,45000,45000,135000,430000
24003,NA,NA,NA,530000,1505000,2560000,4610000,3560000,3560000,4445000,3965000,24735000
24012,NA,NA,NA,940000,1445000,2605000,2020000,2010000,2010000,1995000,2005000,15030000
24013,NA,NA,NA,4165000,5480000,11305000,9130000,9315000,9315000,9205000,9010000,66925000
24014,NA,NA,NA,1710000,2120000,3250000,2880000,2890000,2890000,2850000,2845000,21435000
24016,NA,NA,NA,1950000,3020000,4800000,3930000,3920000,3920000,3855000,4425000,29820000
24018,NA,NA,NA,770000,1055000,2080000,2020000,2065000,2065000,2045000,2040000,14140000
24019,NA,NA,NA,895000,1365000,2545000,2015000,2025000,2025000,2015000,1995000,14880000
24021,NA,NA,NA,3465000,4990000,5010000,4975000,4975000,4975000,4910000,4835000,38135000
24022,NA,NA,NA,3200000,4685000,5215000,4905000,4935000,4935000,4920000,4790000,37585000
24023,NA,NA,NA,2735000,3560000,5020000,4990000,4985000,4985000,4980000,4945000,36200000
24026,NA,NA,NA,1155000,1600000,3245000,2415000,2410000,2410000,2405000,2390000,18030000
24028,NA,NA,NA,NA,NA,NA,NA,NA,NA,NA,40000,40000
24029,NA,NA,NA,1245000,1810000,5165000,3485000,3480000,3480000,3475000,3415000,25555000
24031,NA,NA,NA,NA,2710000,NA,9320000,NA,NA,5845000,2890000,20765000
24034,NA,NA,NA,975000,1830000,2165000,1995000,1995000,1995000,1980000,1980000,14915000
24036,NA,NA,NA,1685000,2335000,4830000,4495000,4780000,4780000,4665000,4620000,32190000
24037,NA,NA,NA,250000,920000,2245000,1535000,1555000,1555000,1535000,1535000,11130000
24038,NA,NA,NA,2270000,2980000,2955000,2965000,2975000,2975000,2915000,2900000,22935000
24039,NA,NA,NA,1955000,2345000,3085000,3355000,3470000,3470000,3430000,3430000,24540000
24040,NA,NA,NA,2540000,2820000,5235000,4040000,4055000,4055000,3980000,3680000,30405000
24041,NA,NA,NA,1515000,2285000,5310000,4535000,4705000,4705000,4635000,4575000,32265000
24042,NA,NA,NA,380000,505000,615000,695000,765000,765000,760000,750000,5235000
24046,NA,NA,NA,2615000,4410000,5610000,4975000,4970000,4970000,4950000,4940000,37440000
24050,NA,NA,NA,2985000,4645000,5340000,4955000,4950000,4950000,4875000,4845000,37545000
24053,NA,NA,NA,1855000,2015000,2020000,2010000,2000000,2000000,2000000,2000000,15900000
24054,NA,NA,NA,2485000,3790000,4505000,3985000,3980000,3980000,4120000,4130000,30975000
24056,NA,NA,NA,5000,5000,5000,5000,5000,5000,5000,5000,40000
24057,NA,NA,NA,280000,615000,2100000,1310000,1305000,1305000,1340000,1340000,9595000
25001,NA,NA,NA,1190000,2170000,7455000,4970000,4995000,4995000,4990000,4985000,35750000
25003,NA,NA,NA,3620000,8550000,8360000,14050000,7625000,7625000,11605000,9630000,71065000
25004,NA,NA,NA,NA,NA,775000,410000,455000,455000,455000,450000,3000000
25005,NA,NA,NA,2125000,3905000,5880000,4965000,4960000,4960000,4910000,4845000,36550000
25006,NA,NA,NA,5000,25000,5000,5000,5000,5000,5000,20000,75000
25007,NA,NA,NA,6120000,8700000,11225000,9970000,9985000,9985000,9930000,9870000,75785000
25010,NA,NA,NA,3460000,4860000,5150000,4995000,5000000,5000000,4950000,4945000,38360000
25013,NA,NA,NA,1950000,2480000,4965000,4205000,4300000,4300000,4290000,4175000,30665000
25015,NA,NA,NA,NA,NA,10000,5000,5000,5000,5000,80000,110000
25017,NA,NA,NA,5215000,9560000,9980000,11375000,9610000,9610000,10735000,10065000,76150000
26055,NA,NA,NA,NA,NA,NA,NA,NA,NA,NA,5000,5000
27001,49165000,48880000,48565000,49925000,49220000,49410000,49260000,49225000,49225000,48970000,47980000,539825000
27002,22330000,22120000,21985000,24015000,23035000,23755000,23950000,23695000,23695000,22855000,23355000,254790000
27003,9625000,9645000,9575000,9885000,9470000,9860000,9765000,9720000,9720000,9645000,9250000,106160000
27004,17545000,17480000,17515000,18000000,20680000,17995000,17800000,17725000,17725000,17455000,19805000,199725000
27005,14205000,14225000,14060000,14875000,14380000,14640000,14480000,14365000,14365000,14200000,14145000,157940000
27006,9600000,9515000,9570000,9945000,9920000,9750000,9760000,9770000,9770000,9680000,9685000,106965000
27007,4905000,4890000,4890000,5020000,5265000,4990000,4955000,4950000,4950000,4880000,5080000,54775000
27008,22100000,21710000,21580000,22415000,21695000,22190000,22090000,22010000,22010000,21825000,21260000,240885000
27009,9685000,9675000,9625000,9710000,8860000,9860000,9685000,9675000,9675000,9465000,8360000,104275000
27010,5830000,5685000,5505000,5870000,5545000,5585000,5550000,5550000,5550000,5510000,5400000,61580000
27011,15330000,15295000,15280000,15555000,15560000,15385000,15395000,15375000,15375000,15325000,15245000,169120000
27012,25670000,25450000,24985000,26390000,26350000,26175000,26175000,25940000,25940000,24935000,24715000,282725000
27013,3930000,3875000,3800000,4025000,4105000,4005000,3985000,3920000,3920000,3890000,3995000,43450000
27014,8100000,8185000,8200000,8350000,8255000,8285000,8210000,8165000,8165000,7985000,7660000,89560000
27015,19755000,19760000,19510000,20115000,20175000,20040000,20080000,19935000,19935000,19520000,18970000,217795000
27016,8480000,8435000,8295000,8425000,8775000,8555000,8265000,8390000,8390000,8005000,8190000,92205000
27017,28280000,28195000,28210000,28765000,28800000,28355000,28320000,28275000,28275000,28035000,28140000,311650000
28002,NA,NA,NA,100000,1580000,2080000,2200000,2240000,2240000,2240000,2245000,14925000
28003,NA,NA,NA,495000,2010000,2590000,2640000,2685000,2685000,2585000,2550000,18240000
28004,NA,NA,NA,NA,NA,NA,NA,NA,NA,NA,30000,30000
28006,NA,NA,NA,2210000,2845000,2855000,2850000,2925000,2925000,2920000,2925000,22455000
28008,NA,NA,NA,590000,640000,1405000,1215000,1460000,1460000,1435000,1425000,9630000
28009,NA,NA,NA,NA,NA,NA,NA,NA,NA,NA,10000,10000
28012,NA,NA,NA,NA,NA,NA,NA,NA,NA,NA,35000,35000
28013,NA,NA,NA,NA,NA,NA,NA,120000,120000,115000,115000,470000
28019,NA,NA,NA,NA,NA,NA,NA,165000,165000,165000,165000,660000
28021,NA,NA,NA,NA,NA,NA,NA,NA,NA,NA,10000,10000
28026,NA,NA,NA,520000,810000,1190000,1000000,1000000,1000000,995000,995000,7510000
28028,NA,NA,NA,NA,NA,NA,NA,NA,NA,NA,5000,5000
28032,NA,NA,NA,NA,10000,NA,NA,NA,NA,NA,10000,20000
28034,NA,NA,NA,100000,1195000,1550000,1810000,2375000,2375000,2355000,2355000,14115000
28036,NA,NA,NA,NA,120000,155000,160000,160000,160000,160000,160000,1075000
28037,NA,NA,NA,1175000,1490000,1710000,2395000,2520000,2520000,2510000,2505000,16825000
28038,NA,NA,NA,NA,NA,NA,NA,NA,NA,NA,35000,35000
28039,NA,NA,NA,1710000,4925000,7360000,6150000,6165000,6165000,6105000,6090000,44670000
29003,NA,NA,NA,NA,480000,1225000,750000,745000,745000,850000,965000,5760000
29004,NA,NA,NA,365000,1110000,3600000,2360000,2355000,2355000,2355000,2340000,16840000
29005,NA,NA,NA,NA,NA,NA,NA,NA,NA,NA,15000,15000
29008,NA,NA,NA,270000,520000,1510000,1010000,1010000,1010000,1015000,1030000,7375000
29010,NA,NA,NA,335000,385000,425000,405000,400000,400000,395000,390000,3135000
29012,NA,NA,NA,670000,1515000,1740000,1625000,1620000,1620000,1605000,1600000,11995000
29013,NA,NA,NA,1125000,2360000,3645000,3000000,2995000,2995000,2985000,2945000,22050000
29014,NA,NA,NA,650000,1445000,2185000,1815000,1810000,1810000,1805000,1795000,13315000
29015,NA,NA,NA,100000,100000,100000,100000,100000,100000,100000,NA,700000
29016,NA,NA,NA,525000,565000,645000,605000,600000,600000,590000,590000,4720000
29017,NA,NA,NA,80000,80000,100000,90000,90000,90000,90000,90000,710000
29018,NA,NA,NA,330000,335000,395000,355000,355000,355000,365000,365000,2855000
29021,NA,NA,NA,NA,85000,1035000,555000,555000,555000,560000,560000,3905000
29025,NA,NA,NA,400000,690000,1125000,890000,890000,890000,900000,890000,6675000
29028,NA,NA,NA,80000,120000,170000,140000,140000,140000,145000,145000,1080000
29030,NA,NA,NA,1185000,2005000,3225000,2615000,2615000,2615000,2600000,2585000,19445000
29034,NA,NA,NA,10000,1285000,6595000,3935000,3930000,3930000,3885000,3695000,27265000
29035,NA,NA,NA,180000,240000,380000,310000,310000,310000,305000,305000,2340000
29037,NA,NA,NA,430000,490000,760000,625000,630000,630000,625000,610000,4800000
29039,NA,NA,NA,185000,535000,905000,715000,715000,715000,705000,700000,5175000
29040,NA,NA,NA,445000,755000,1225000,985000,985000,985000,980000,970000,7330000
29043,NA,NA,NA,NA,NA,NA,NA,NA,NA,NA,5000,5000
29046,NA,NA,NA,NA,580000,1340000,950000,950000,950000,955000,940000,6665000
29047,NA,NA,NA,NA,240000,515000,370000,370000,370000,370000,385000,2620000
29050,NA,NA,NA,45000,65000,65000,65000,65000,65000,65000,70000,505000
29052,NA,NA,NA,390000,610000,660000,640000,635000,635000,630000,655000,4855000
30001,5000,5000,5000,5000,25000,NA,NA,NA,NA,NA,20000,65000
30003,4390000,4390000,4430000,4455000,4710000,4460000,4465000,4445000,4445000,4440000,4540000,49170000
30005,110000,110000,105000,105000,110000,110000,110000,110000,110000,110000,110000,1200000
30006,3915000,3900000,3900000,3970000,3960000,3995000,3965000,3970000,3970000,3965000,3910000,43420000
30007,1710000,1710000,1710000,1745000,1790000,1745000,1745000,1740000,1740000,1740000,1765000,19140000
30008,835000,835000,835000,860000,800000,860000,850000,845000,845000,845000,800000,9210000
30009,NA,NA,NA,15000,20000,15000,15000,15000,15000,15000,5000,115000
30010,2615000,2615000,2615000,2875000,2390000,2830000,2825000,2845000,2845000,2835000,2405000,29695000
30013,NA,NA,NA,1210000,1275000,1275000,1275000,1280000,1280000,1280000,1385000,10260000
30014,425000,425000,430000,450000,460000,450000,450000,450000,450000,450000,450000,4890000
30015,NA,NA,NA,NA,20000,NA,NA,NA,NA,NA,20000,40000
30018,995000,995000,965000,995000,955000,990000,990000,995000,995000,995000,990000,10860000
30019,980000,980000,970000,1010000,990000,1000000,1000000,1000000,1000000,1000000,990000,10920000
30020,975000,975000,960000,995000,1010000,990000,990000,990000,990000,990000,1010000,10875000
30021,330000,330000,350000,360000,405000,360000,360000,360000,360000,360000,345000,3920000
30022,1820000,1805000,1765000,1840000,1635000,1800000,1790000,1790000,1790000,1790000,1590000,19415000
30023,3230000,3230000,3225000,3445000,3440000,3415000,3400000,3445000,3445000,3430000,3435000,37140000
30026,NA,NA,NA,NA,5000,NA,NA,NA,NA,NA,5000,10000
30027,NA,NA,NA,660000,3205000,3255000,3230000,3215000,3215000,3210000,3165000,23155000
30028,NA,NA,NA,NA,30000,NA,NA,NA,NA,NA,25000,55000
30029,1395000,1395000,1390000,1410000,1400000,1405000,1400000,1405000,1405000,1385000,1380000,15370000
30030,370000,370000,365000,395000,380000,400000,395000,395000,395000,390000,385000,4240000
30031,4325000,4330000,4310000,4525000,4450000,4535000,4515000,4500000,4500000,4490000,4320000,48800000
30032,2420000,2420000,2420000,2420000,2445000,2415000,2400000,2395000,2395000,2375000,2375000,26480000
30033,2660000,2660000,2680000,2845000,2760000,2715000,2710000,2730000,2730000,2710000,2660000,29860000
30034,465000,465000,465000,500000,505000,465000,455000,455000,455000,455000,500000,5185000
30035,NA,NA,NA,165000,555000,555000,540000,540000,540000,535000,660000,4090000
30036,NA,NA,NA,NA,5000,NA,NA,NA,NA,NA,5000,10000
30037,1170000,1170000,1160000,1200000,1155000,1185000,1180000,1170000,1170000,1155000,1105000,12820000
30039,970000,970000,965000,1000000,1110000,1000000,1000000,1000000,1000000,1000000,1070000,11085000
30040,2020000,2020000,1985000,2140000,2005000,2165000,2145000,2145000,2145000,2095000,1925000,22790000
30041,255000,255000,255000,260000,235000,250000,260000,260000,260000,260000,245000,2795000
30042,690000,690000,690000,740000,740000,740000,740000,740000,740000,735000,725000,7970000
30043,4180000,4180000,4180000,4180000,4155000,4165000,4130000,4135000,4135000,4135000,4130000,45705000
30044,1025000,1025000,1025000,1045000,1155000,1045000,1045000,1045000,1045000,1045000,1200000,11700000
30045,1385000,1385000,1375000,1405000,1540000,1400000,1400000,1395000,1395000,1395000,1460000,15535000
30047,4230000,4205000,4145000,4300000,4315000,4330000,4285000,4305000,4305000,4295000,4310000,47025000
30048,1310000,1285000,1290000,1325000,1435000,1305000,1300000,1300000,1300000,1300000,1385000,14535000
30049,3695000,3670000,3660000,3805000,3780000,3815000,3810000,3780000,3780000,3775000,3750000,41320000
30050,1745000,1745000,1750000,1825000,1820000,1810000,1810000,1810000,1810000,1800000,1735000,19660000
30051,4905000,4905000,4945000,5455000,5635000,5405000,5380000,5395000,5395000,5360000,5105000,57885000
30052,305000,305000,300000,335000,345000,340000,340000,340000,340000,340000,330000,3620000
30053,145000,145000,160000,165000,245000,160000,155000,155000,155000,155000,225000,1865000
30054,405000,405000,405000,405000,410000,405000,405000,405000,405000,405000,405000,4460000
30055,NA,NA,NA,245000,410000,600000,505000,505000,505000,495000,495000,3760000
30056,NA,NA,NA,5000,30000,30000,30000,30000,30000,30000,NA,185000
30058,5540000,5540000,5515000,6090000,6120000,6095000,6075000,6075000,6075000,6055000,5610000,64790000
30059,1045000,1045000,1045000,1045000,1100000,1045000,1045000,1045000,1045000,1045000,1090000,11595000
30060,NA,NA,NA,1015000,1210000,1220000,1215000,1220000,1220000,1220000,1130000,9450000
30061,4940000,4940000,4910000,4995000,5225000,4995000,4995000,4975000,4975000,4975000,5145000,55070000
30062,675000,670000,670000,685000,755000,675000,685000,685000,685000,685000,765000,7635000
30063,NA,NA,NA,1075000,1620000,1630000,1605000,1580000,1580000,1575000,1530000,12195000
30064,1085000,1085000,1075000,1150000,1135000,1150000,1150000,1150000,1150000,1140000,1095000,12365000
30066,5060000,5060000,4890000,5245000,5275000,5140000,5115000,5110000,5110000,5055000,4885000,55945000
30067,1180000,1180000,1180000,1270000,1290000,1270000,1250000,1255000,1255000,1255000,1240000,13625000
30068,260000,260000,250000,280000,310000,265000,280000,280000,280000,280000,310000,3055000
30069,1075000,1075000,1075000,1140000,1150000,1130000,1125000,1125000,1125000,1085000,1085000,12190000
30070,3410000,3415000,3425000,3460000,3330000,3440000,3440000,3420000,3420000,3410000,3210000,37380000
30071,500000,480000,480000,520000,530000,510000,510000,495000,495000,490000,500000,5510000
30072,NA,NA,NA,1145000,3425000,3510000,3440000,3450000,3450000,3445000,3450000,25315000
30073,4705000,4705000,4685000,4765000,4765000,4765000,4770000,4755000,4755000,4740000,4685000,52095000
30075,5000,5000,5000,5000,15000,5000,5000,5000,5000,5000,15000,75000
30076,NA,NA,NA,295000,1000000,1000000,1000000,985000,985000,985000,985000,7235000
30077,3875000,3880000,3870000,3935000,3985000,3920000,3920000,3900000,3900000,3875000,3865000,42925000
30078,NA,NA,NA,1215000,1630000,1650000,1640000,1620000,1620000,1620000,2010000,13005000
30080,2315000,2315000,2315000,2350000,2285000,2325000,2325000,2335000,2335000,2330000,2265000,25495000
30082,500000,500000,500000,505000,505000,505000,505000,505000,505000,505000,495000,5530000
30083,NA,NA,NA,1910000,3950000,4095000,4035000,4015000,4015000,3990000,3975000,29985000
30084,40000,40000,40000,40000,35000,40000,40000,40000,40000,40000,35000,430000
30085,3250000,3250000,3240000,3270000,3245000,3285000,3245000,3225000,3225000,3225000,3215000,35675000
30086,710000,710000,715000,715000,1020000,705000,700000,730000,730000,730000,1045000,8510000
30087,NA,NA,NA,NA,10000,NA,NA,NA,NA,NA,10000,20000
30089,2780000,2770000,2770000,2800000,2720000,2760000,2760000,2755000,2755000,2750000,2645000,30265000
30090,5000,5000,5000,5000,10000,5000,5000,5000,5000,5000,10000,65000
30091,3640000,3635000,3700000,3715000,3925000,3705000,3720000,3690000,3690000,3695000,3685000,40800000
30094,3985000,3985000,3980000,4030000,4005000,4010000,4005000,4000000,4000000,3985000,3965000,43950000
30095,1815000,1815000,1780000,1990000,1985000,1975000,1970000,1955000,1955000,1930000,1960000,21130000
30098,345000,345000,345000,345000,350000,350000,350000,345000,345000,345000,345000,3810000
30099,1080000,1075000,1070000,1085000,780000,1080000,1080000,1080000,1080000,1080000,780000,11270000
30100,1890000,1885000,1885000,1995000,1990000,1990000,1960000,1965000,1965000,1960000,1945000,21430000
30101,1555000,1555000,1530000,1570000,1975000,1565000,1560000,1550000,1550000,1540000,1960000,17910000
30102,205000,205000,185000,195000,245000,195000,195000,195000,195000,190000,245000,2250000
30103,930000,930000,900000,990000,960000,980000,975000,975000,975000,975000,955000,10545000
30104,1670000,1670000,1675000,1705000,1720000,1705000,1705000,1700000,1700000,1700000,1675000,18625000
30105,NA,NA,NA,NA,15000,NA,NA,NA,NA,NA,15000,30000
30106,5000,5000,5000,5000,NA,5000,5000,5000,5000,5000,NA,45000
30107,NA,NA,NA,NA,10000,NA,NA,NA,NA,NA,10000,20000
30108,5850000,5850000,5850000,5920000,5845000,5910000,5910000,5905000,5905000,5890000,5695000,64530000
30109,950000,950000,920000,1035000,985000,1035000,1020000,1015000,1015000,1015000,950000,10890000
30110,970000,960000,955000,1005000,975000,1005000,995000,995000,995000,985000,980000,10820000
30111,475000,475000,490000,495000,530000,495000,495000,490000,490000,490000,490000,5415000
30113,455000,455000,455000,455000,420000,450000,450000,450000,450000,450000,440000,4930000
30114,875000,875000,830000,1030000,1035000,1035000,1035000,1020000,1020000,960000,985000,10700000
30115,1135000,1120000,1145000,1165000,1280000,1185000,1165000,1165000,1165000,1165000,1235000,12925000
30116,450000,450000,450000,450000,540000,455000,445000,445000,445000,445000,530000,5105000
30117,2125000,2130000,2110000,2245000,2175000,2225000,2200000,2200000,2200000,2195000,2165000,23970000
30118,NA,NA,NA,NA,25000,NA,NA,NA,NA,NA,20000,45000
30119,245000,245000,245000,245000,200000,240000,240000,240000,240000,240000,195000,2575000
30120,310000,310000,325000,325000,300000,320000,320000,320000,320000,320000,275000,3445000
30121,NA,NA,NA,5625000,6525000,6555000,6540000,6560000,6560000,6485000,6480000,51330000
30122,2855000,2860000,2820000,2870000,2820000,2850000,2850000,2825000,2825000,2820000,2750000,31145000
30123,NA,NA,NA,6470000,9460000,10710000,10025000,9985000,9985000,9880000,9370000,75885000
30124,11650000,11645000,11545000,12150000,12055000,11850000,11810000,11830000,11830000,11640000,11595000,129600000
30125,2870000,2870000,2900000,2950000,2945000,2950000,2945000,2945000,2945000,2930000,2900000,32150000
30126,995000,990000,985000,1010000,980000,1010000,995000,995000,995000,995000,970000,10920000
30127,1320000,1310000,1310000,1330000,1365000,1325000,1325000,1325000,1325000,1325000,1360000,14620000
30128,6465000,6470000,6475000,6535000,6525000,6520000,6490000,6475000,6475000,6465000,6430000,71325000
30129,NA,NA,NA,690000,955000,1055000,1005000,990000,990000,950000,985000,7620000
30130,2065000,2065000,2085000,2110000,2170000,2095000,2085000,2075000,2075000,2070000,2085000,22980000
30131,NA,NA,NA,NA,235000,NA,NA,NA,NA,NA,235000,470000
30132,1985000,1985000,1990000,2005000,1995000,2005000,2000000,2000000,2000000,1990000,1960000,21915000
30133,NA,NA,NA,410000,415000,415000,415000,415000,415000,415000,415000,3315000
30134,2600000,2585000,2580000,2610000,2570000,2605000,2600000,2595000,2595000,2590000,2580000,28510000
30135,NA,NA,NA,20000,20000,20000,20000,20000,20000,20000,NA,140000
30137,1035000,1035000,1050000,1080000,1065000,1070000,1050000,1055000,1055000,1055000,1010000,11560000
30138,NA,NA,NA,NA,15000,NA,NA,NA,NA,NA,15000,30000
30139,NA,NA,NA,NA,5000,NA,NA,NA,NA,NA,5000,10000
30140,NA,NA,NA,NA,20000,NA,NA,NA,NA,NA,20000,40000
30141,4980000,4980000,4960000,5025000,5070000,5025000,4995000,4975000,4975000,4965000,4860000,54810000
30142,3060000,3060000,3090000,3135000,3185000,2980000,3115000,3105000,3105000,3105000,3015000,33955000
30143,2485000,2485000,2475000,2520000,2570000,2520000,2500000,2490000,2490000,2485000,2440000,27460000
30144,4720000,4720000,4730000,4785000,4760000,4745000,4745000,4720000,4720000,4710000,4640000,51995000
30145,510000,510000,525000,535000,555000,535000,535000,535000,535000,535000,525000,5835000
30146,NA,NA,NA,NA,10000,NA,NA,NA,NA,NA,10000,20000
30147,2810000,2785000,2765000,2890000,2900000,2880000,2880000,2880000,2880000,2875000,2895000,31440000
30148,3395000,3385000,3370000,3540000,3570000,3575000,3540000,3535000,3535000,3530000,3530000,38505000
30149,4585000,4585000,4600000,4710000,4805000,4670000,4670000,4650000,4650000,4625000,4615000,51165000
30150,NA,NA,NA,550000,1080000,1080000,1075000,1105000,1105000,1105000,1395000,8495000
30151,NA,NA,NA,3600000,4750000,4975000,4860000,4835000,4835000,4830000,4790000,37475000
30152,NA,NA,NA,1605000,3180000,1940000,4955000,1965000,1965000,3935000,2975000,22520000
30153,NA,NA,NA,1505000,1610000,1610000,1610000,1605000,1605000,1555000,1560000,12660000
30154,NA,NA,NA,1415000,2610000,2685000,2600000,2595000,2595000,2595000,2155000,19250000
30155,NA,NA,NA,2700000,5105000,8615000,6860000,6830000,6830000,6665000,6370000,49975000
30157,685000,685000,590000,635000,610000,715000,685000,685000,685000,685000,665000,7325000
30158,1145000,1145000,1160000,1200000,1145000,1180000,1180000,1190000,1190000,1190000,1070000,12795000
30159,970000,965000,955000,990000,990000,985000,980000,980000,980000,980000,990000,10765000
30160,1930000,1930000,1875000,1985000,1965000,1975000,1970000,1975000,1975000,1945000,1870000,21395000
30161,NA,NA,NA,3405000,8080000,8315000,8170000,8170000,8170000,8070000,8075000,60455000
30162,NA,NA,NA,5000,5000,5000,5000,5000,5000,5000,NA,35000
30165,470000,470000,470000,475000,565000,475000,475000,475000,475000,470000,560000,5380000
30167,485000,485000,480000,505000,495000,510000,495000,495000,495000,495000,480000,5420000
30168,2685000,2665000,2670000,2740000,2735000,2740000,2735000,2735000,2735000,2730000,2675000,29845000
30169,3385000,3390000,3400000,3435000,3415000,3415000,3390000,3360000,3360000,3335000,3250000,37135000
30170,NA,NA,NA,365000,685000,705000,695000,655000,655000,650000,650000,5060000
30171,1130000,1125000,1125000,1145000,1150000,1155000,1135000,1150000,1150000,1145000,1110000,12520000
30172,4900000,4900000,4895000,4945000,4955000,4940000,4930000,4930000,4930000,4920000,4885000,54130000
30173,3900000,3855000,3850000,4000000,4005000,3960000,3915000,3925000,3925000,3885000,3845000,43065000
30174,2785000,2785000,2760000,2895000,2890000,2890000,2840000,2840000,2840000,2835000,2775000,31135000
30175,3460000,3460000,3265000,3500000,3185000,3455000,3405000,3430000,3430000,3375000,3140000,37105000
30176,140000,140000,140000,140000,140000,140000,140000,135000,135000,135000,135000,1520000
30177,NA,NA,NA,NA,10000,NA,NA,NA,NA,NA,10000,20000
30178,10000,10000,10000,10000,10000,10000,10000,10000,10000,10000,10000,110000
30179,325000,325000,325000,325000,310000,320000,320000,325000,325000,325000,325000,3550000
30180,NA,NA,NA,810000,2730000,3345000,3040000,3045000,3045000,3025000,2970000,22010000
30181,990000,990000,980000,1005000,965000,1015000,1005000,1000000,1000000,1000000,945000,10895000
30184,970000,970000,960000,1000000,1010000,1000000,1000000,1000000,1000000,1000000,1000000,10910000
30186,205000,205000,205000,210000,165000,210000,210000,210000,210000,210000,165000,2205000
30188,480000,475000,475000,485000,480000,485000,485000,485000,485000,485000,495000,5315000
30189,1900000,1900000,1755000,1860000,1785000,1990000,1920000,1925000,1925000,1925000,1865000,20750000
30190,25000,25000,25000,25000,25000,25000,25000,25000,25000,25000,25000,275000
30191,NA,NA,NA,NA,5000,NA,NA,NA,NA,NA,5000,10000
30192,960000,960000,935000,965000,935000,960000,960000,960000,960000,955000,935000,10485000
30193,15000,15000,10000,10000,25000,10000,10000,10000,10000,10000,20000,145000
30194,1330000,1330000,1355000,1355000,1565000,1355000,1340000,1340000,1340000,1340000,1490000,15140000
30195,1920000,1900000,1875000,1985000,1995000,1990000,1975000,1975000,1975000,1970000,1980000,21540000
30196,675000,675000,670000,690000,650000,690000,685000,680000,680000,680000,635000,7410000
30197,25000,25000,25000,40000,15000,40000,40000,40000,40000,40000,NA,330000
30198,NA,NA,NA,490000,1460000,1465000,1460000,1465000,1465000,1465000,1520000,10790000
30199,290000,290000,290000,290000,280000,290000,290000,285000,285000,285000,275000,3150000
30200,985000,965000,965000,990000,1005000,980000,975000,970000,970000,970000,975000,10750000
30201,5470000,5465000,5400000,5530000,5575000,5515000,5490000,5495000,5495000,5485000,5495000,60415000
30202,NA,NA,NA,1155000,3015000,3050000,3035000,2980000,2980000,2955000,2945000,22115000
30203,1130000,1130000,1130000,1270000,1280000,1265000,1265000,1270000,1270000,1270000,1250000,13530000
30204,1970000,1970000,1960000,2000000,1930000,2000000,2005000,2000000,2000000,1995000,1905000,21735000
30205,NA,NA,NA,40000,1370000,1380000,1375000,1375000,1375000,1355000,1340000,9610000
30206,NA,NA,NA,NA,15000,NA,NA,NA,NA,NA,15000,30000
30207,3400000,3400000,3345000,3425000,3545000,3440000,3425000,3420000,3420000,3405000,3390000,37615000
30208,145000,145000,140000,145000,150000,140000,140000,140000,140000,140000,145000,1570000
30209,1785000,1785000,1780000,1835000,1850000,1820000,1820000,1795000,1795000,1795000,1795000,19855000
30210,6865000,6865000,6845000,6950000,7055000,6940000,6945000,6940000,6940000,6935000,6930000,76210000
30211,NA,NA,NA,NA,5000,NA,NA,NA,NA,NA,5000,10000
30212,1350000,1350000,1360000,1375000,1405000,1375000,1375000,1370000,1370000,1365000,1355000,15050000
31001,NA,NA,NA,305000,520000,520000,520000,520000,520000,520000,520000,3945000
31002,NA,NA,NA,NA,NA,60000,30000,30000,30000,30000,35000,215000
31003,NA,NA,NA,195000,235000,235000,235000,235000,235000,235000,235000,1840000
31004,NA,NA,NA,100000,130000,140000,135000,135000,135000,135000,135000,1045000
31005,380000,380000,380000,380000,370000,380000,380000,380000,380000,365000,360000,4135000
31006,NA,NA,NA,NA,NA,NA,NA,NA,NA,NA,15000,15000
31007,775000,775000,770000,770000,775000,770000,765000,765000,765000,750000,745000,8425000
31008,710000,710000,705000,700000,715000,710000,710000,710000,710000,710000,710000,7800000
31009,NA,NA,NA,380000,380000,380000,370000,370000,370000,360000,355000,2965000
31010,NA,NA,NA,300000,455000,615000,550000,550000,550000,550000,555000,4125000
31014,705000,705000,705000,705000,705000,705000,705000,710000,710000,705000,695000,7755000
31015,NA,NA,NA,275000,405000,575000,490000,490000,490000,475000,475000,3675000
31016,NA,NA,NA,125000,125000,125000,125000,125000,125000,125000,125000,1000000
31018,NA,NA,NA,115000,480000,705000,590000,590000,590000,590000,590000,4250000
31019,475000,465000,470000,1345000,1785000,1915000,1870000,1870000,1870000,1865000,1855000,15785000
31021,325000,325000,325000,325000,325000,325000,325000,325000,325000,325000,320000,3570000
31022,5000,5000,5000,360000,380000,395000,390000,390000,390000,390000,385000,3095000
31023,NA,NA,NA,345000,360000,360000,360000,360000,360000,360000,360000,2865000
31024,NA,NA,NA,NA,NA,470000,235000,235000,235000,235000,250000,1660000
31026,NA,NA,NA,105000,145000,145000,145000,140000,140000,140000,140000,1100000
31030,810000,765000,760000,760000,745000,755000,765000,755000,755000,755000,750000,8375000
31031,NA,NA,NA,295000,295000,295000,295000,295000,295000,290000,290000,2350000
31032,180000,180000,180000,285000,510000,800000,655000,655000,655000,650000,650000,5400000
31033,NA,NA,NA,920000,1660000,1660000,1660000,1660000,1660000,1635000,1650000,12505000
31034,NA,NA,NA,285000,285000,285000,285000,275000,275000,245000,260000,2195000
31036,NA,NA,NA,NA,NA,10000,5000,5000,5000,5000,NA,30000
31037,NA,NA,NA,265000,275000,275000,275000,275000,275000,265000,265000,2170000
31038,NA,NA,NA,135000,145000,145000,145000,145000,145000,145000,145000,1150000
31040,805000,790000,770000,800000,1035000,1035000,1030000,1005000,1005000,970000,1000000,10245000
31042,NA,NA,NA,NA,175000,195000,185000,185000,185000,185000,185000,1295000
31043,615000,615000,610000,610000,750000,610000,615000,615000,615000,615000,750000,7020000
31045,NA,NA,NA,345000,345000,345000,345000,345000,345000,335000,335000,2740000
31046,NA,NA,NA,55000,545000,615000,585000,585000,585000,585000,580000,4135000
31047,NA,NA,NA,220000,270000,270000,270000,270000,270000,255000,255000,2080000
31048,NA,NA,NA,1680000,1875000,1945000,1910000,1910000,1910000,1885000,1855000,14970000
31050,NA,NA,NA,NA,50000,NA,NA,NA,NA,NA,55000,105000
31052,1950000,1935000,1935000,1940000,1950000,1940000,1945000,1935000,1935000,1875000,1880000,21220000
31053,NA,NA,NA,140000,555000,595000,575000,575000,575000,575000,575000,4165000
31054,NA,NA,NA,470000,575000,575000,575000,575000,575000,575000,575000,4495000
31055,NA,NA,NA,85000,435000,435000,435000,435000,435000,435000,440000,3135000
31056,NA,NA,NA,480000,480000,480000,480000,480000,480000,480000,575000,3935000
31057,NA,NA,NA,645000,695000,695000,695000,695000,695000,680000,690000,5490000
31058,10000,NA,NA,635000,920000,990000,955000,955000,955000,955000,955000,7330000
31060,985000,985000,985000,995000,985000,990000,1000000,1000000,1000000,995000,995000,10915000
31062,NA,NA,NA,250000,250000,250000,250000,250000,250000,250000,245000,1995000
31065,NA,NA,NA,10000,10000,10000,10000,10000,10000,10000,NA,70000
31066,NA,NA,NA,400000,450000,790000,620000,620000,620000,620000,615000,4735000
31067,NA,NA,NA,NA,285000,365000,325000,325000,325000,310000,305000,2240000
31068,NA,NA,NA,190000,190000,190000,190000,185000,185000,185000,185000,1500000
31070,NA,NA,NA,165000,185000,185000,185000,185000,185000,185000,180000,1455000
31071,200000,195000,195000,195000,195000,195000,195000,195000,195000,195000,190000,2145000
31072,NA,NA,NA,235000,235000,235000,235000,235000,235000,230000,230000,1870000
31073,NA,NA,NA,280000,285000,285000,285000,285000,285000,285000,285000,2275000
31074,NA,NA,NA,205000,210000,205000,205000,205000,205000,205000,210000,1650000
31075,NA,NA,NA,275000,295000,300000,295000,295000,295000,285000,280000,2320000
31076,NA,NA,NA,380000,850000,1090000,970000,970000,970000,965000,960000,7155000
31078,670000,670000,665000,665000,660000,660000,660000,660000,660000,655000,655000,7280000
31079,2915000,2895000,2885000,3510000,3415000,3475000,3460000,3460000,3460000,3425000,3290000,36190000
31080,NA,NA,NA,NA,NA,10000,5000,5000,5000,5000,NA,30000
31081,245000,245000,245000,370000,305000,375000,375000,380000,380000,380000,315000,3615000
31082,NA,NA,NA,NA,45000,45000,45000,45000,45000,45000,45000,315000
31084,NA,NA,NA,505000,515000,515000,515000,515000,515000,515000,500000,4095000
31085,2240000,2230000,2225000,2355000,2435000,2400000,2395000,2395000,2395000,2395000,2395000,25860000
31086,NA,NA,NA,250000,250000,250000,250000,250000,250000,250000,240000,1990000
31088,NA,NA,NA,135000,135000,135000,135000,135000,135000,135000,135000,1080000
31089,NA,NA,NA,NA,100000,280000,200000,210000,210000,210000,210000,1420000
31091,970000,945000,950000,965000,985000,970000,965000,965000,965000,960000,960000,10600000
31092,NA,NA,NA,450000,485000,485000,485000,480000,480000,480000,480000,3825000
31093,1075000,1055000,1035000,1045000,1060000,1035000,1040000,1040000,1040000,1005000,1010000,11440000
31094,NA,NA,NA,355000,575000,575000,575000,580000,580000,575000,575000,4390000
31096,1950000,1940000,1910000,3600000,4005000,4035000,4015000,4015000,4015000,3990000,3980000,37455000
31097,995000,995000,995000,995000,970000,975000,975000,975000,975000,965000,965000,10780000
31098,1855000,1800000,1790000,2040000,2160000,2110000,2110000,2110000,2110000,2080000,2085000,22250000
31099,180000,180000,180000,180000,115000,180000,185000,185000,185000,185000,120000,1875000
31101,NA,NA,NA,145000,145000,145000,145000,145000,145000,145000,145000,1160000
31102,2285000,2270000,2265000,2315000,2370000,2360000,2455000,2460000,2460000,2460000,2450000,26150000
31105,NA,NA,NA,90000,100000,100000,100000,95000,95000,95000,90000,765000
32026,NA,NA,NA,NA,NA,NA,NA,NA,NA,NA,5000,5000
32042,NA,NA,NA,95000,95000,95000,95000,95000,95000,95000,10000,675000
